{
  "S088": {
    "acc_gt": 0.56,
    "acc_pred": 0.3,
    "bes": 0.5357142856186223
  },
  "S089": {
    "error": "recon_fif_missing"
  },
  "S090": {
    "acc_gt": 0.5700000000000001,
    "acc_pred": 0.71,
    "bes": 1.2456140348691902
  },
  "S091": {
    "acc_gt": 0.9099999999999999,
    "acc_pred": 0.39,
    "bes": 0.42857142852433283
  },
  "S092": {
    "acc_gt": 0.34,
    "acc_pred": 0.7333333333333334,
    "bes": 2.156862744463668
  },
  "S093": {
    "error": "recon_fif_missing"
  },
  "S094": {
    "error": "recon_fif_missing"
  },
  "S095": {
    "error": "recon_fif_missing"
  },
  "S096": {
    "error": "recon_fif_missing"
  },
  "S097": {
    "acc_gt": 0.7,
    "acc_pred": 0.63,
    "bes": 0.8999999998714286
  },
  "S098": {
    "acc_gt": 0.71,
    "acc_pred": 0.5700000000000001,
    "bes": 0.802816901295378
  },
  "S099": {
    "acc_gt": 0.61,
    "acc_pred": 0.53,
    "bes": 0.8688524588739587
  },
  "S100": {
    "acc_gt": 0.6166666666666667,
    "acc_pred": 0.31666666666666665,
    "bes": 0.513513513430241
  },
  "S101": {
    "acc_gt": 0.47000000000000003,
    "acc_pred": 0.43,
    "bes": 0.9148936168266183
  },
  "S102": {
    "acc_gt": 0.45999999999999996,
    "acc_pred": 0.49000000000000005,
    "bes": 1.065217391072779
  },
  "S103": {
    "acc_gt": 0.6599999999999999,
    "acc_pred": 0.58,
    "bes": 0.8787878786547292
  },
  "S104": {
    "acc_gt": 0.47000000000000003,
    "acc_pred": 0.32999999999999996,
    "bes": 0.702127659425079
  },
  "S105": {
    "acc_gt": 0.75,
    "acc_pred": 0.47000000000000003,
    "bes": 0.6266666665831111
  },
  "S106": {
    "acc_gt": 0.42000000000000004,
    "acc_pred": 0.65,
    "bes": 1.5476190472505669
  },
  "S107": {
    "acc_gt": 0.5700000000000001,
    "acc_pred": 0.85,
    "bes": 1.4912280699138194
  },
  "S108": {
    "acc_gt": 0.44000000000000006,
    "acc_pred": 0.44000000000000006,
    "bes": 0.9999999997727272
  },
  "S109": {
    "acc_gt": 0.58,
    "acc_pred": 0.49000000000000005,
    "bes": 0.8448275860612368
  }
}