{
  "mse_mean_mean": 1.797652513020102e-09,
  "mse_mean_std": 2.787977575334566e-09,
  "pearson_mean_mean": 0.6794777336967196,
  "pearson_mean_std": 0.1052229437649585,
  "pearson_std_mean": 0.13377026674915993,
  "pearson_std_std": 0.06342204637704985,
  "mse_C3_mean": 7.258684524089882e-10,
  "mse_C3_std": 5.278871888229981e-10,
  "pearson_C3_mean": 0.8163543565940538,
  "pearson_C3_std": 0.05664920780446454,
  "mse_C4_mean": 3.43766243211198e-09,
  "mse_C4_std": 1.1018683654440431e-08,
  "pearson_C4_mean": 0.7547588330541697,
  "pearson_C4_std": 0.21591854686437806,
  "mse_P3_mean": 1.380189072992837e-09,
  "mse_P3_std": 1.0765915770843007e-09,
  "pearson_P3_mean": 0.6108683446773978,
  "pearson_P3_std": 0.12016611793615162,
  "mse_P4_mean": 1.6468900945666035e-09,
  "mse_P4_std": 1.198444208577975e-09,
  "pearson_P4_mean": 0.5359294004612573,
  "pearson_P4_std": 0.1340490915006823,
  "delta_C3_ratio_mean": 1.2087824529514943,
  "delta_C3_ratio_std": 0.5847234944465741,
  "delta_C4_ratio_mean": 1.3013671118786159,
  "delta_C4_ratio_std": 0.765780879514128,
  "delta_P3_ratio_mean": 1.7192660790847367,
  "delta_P3_ratio_std": 1.6149152670547622,
  "delta_P4_ratio_mean": 2.0343810258190054,
  "delta_P4_ratio_std": 1.8125131540292085,
  "delta_mean_ratio_mean": 1.5659491674334631,
  "delta_mean_ratio_std": 1.1731595849604426,
  "delta_std_ratio_mean": 0.3931464450743262,
  "delta_std_ratio_std": 0.5335056758954038,
  "theta_C3_ratio_mean": 1.0539046088944108,
  "theta_C3_ratio_std": 0.5499656775809464,
  "theta_C4_ratio_mean": 1.1038110358357676,
  "theta_C4_ratio_std": 0.7587898203571256,
  "theta_P3_ratio_mean": 1.2873372383527983,
  "theta_P3_ratio_std": 1.2247399552509164,
  "theta_P4_ratio_mean": 1.500693891973973,
  "theta_P4_ratio_std": 1.4061500531630196,
  "theta_mean_ratio_mean": 1.2364366937642375,
  "theta_mean_ratio_std": 0.9726544486293403,
  "theta_std_ratio_mean": 0.25540690353895495,
  "theta_std_ratio_std": 0.3292578685964816,
  "alpha_C3_ratio_mean": 0.6797464520668565,
  "alpha_C3_ratio_std": 0.17907402382131896,
  "alpha_C4_ratio_mean": 0.6509402196535,
  "alpha_C4_ratio_std": 0.28155677544322705,
  "alpha_P3_ratio_mean": 0.47047112111234357,
  "alpha_P3_ratio_std": 0.20589596138060856,
  "alpha_P4_ratio_mean": 0.5048826691994774,
  "alpha_P4_ratio_std": 0.241756586401436,
  "alpha_mean_ratio_mean": 0.5765101155080443,
  "alpha_mean_ratio_std": 0.20008537235065915,
  "alpha_std_ratio_mean": 0.1341246085888364,
  "alpha_std_ratio_std": 0.05625653593572486,
  "beta_C3_ratio_mean": 0.5812427330516367,
  "beta_C3_ratio_std": 0.11888480048640865,
  "beta_C4_ratio_mean": 0.587412966739985,
  "beta_C4_ratio_std": 0.21451004959698128,
  "beta_P3_ratio_mean": 0.49232909869360286,
  "beta_P3_ratio_std": 0.13019138834204835,
  "beta_P4_ratio_mean": 0.6105790812982835,
  "beta_P4_ratio_std": 0.19276456049764115,
  "beta_mean_ratio_mean": 0.5678909699458768,
  "beta_mean_ratio_std": 0.14782929048067062,
  "beta_std_ratio_mean": 0.08139881322268863,
  "beta_std_ratio_std": 0.045908376277077625,
  "gamma_C3_ratio_mean": 0.39746941627410015,
  "gamma_C3_ratio_std": 0.15646201695476986,
  "gamma_C4_ratio_mean": 0.38056506905907794,
  "gamma_C4_ratio_std": 0.17259830890869918,
  "gamma_P3_ratio_mean": 0.38063111287714263,
  "gamma_P3_ratio_std": 0.16259127567015264,
  "gamma_P4_ratio_mean": 0.493869742396199,
  "gamma_P4_ratio_std": 0.18569852956219643,
  "gamma_mean_ratio_mean": 0.41313383515162994,
  "gamma_mean_ratio_std": 0.1523586231510893,
  "gamma_std_ratio_mean": 0.07608474659794394,
  "gamma_std_ratio_std": 0.044897280422229305,
  "plv_F3_C3_pred_mean": NaN,
  "plv_F3_C3_pred_std": NaN,
  "plv_F3_C3_gt_mean": NaN,
  "plv_F3_C3_gt_std": NaN,
  "plv_F3_C3_ratio_mean": NaN,
  "plv_F3_C3_ratio_std": NaN,
  "plv_F4_C4_pred_mean": NaN,
  "plv_F4_C4_pred_std": NaN,
  "plv_F4_C4_gt_mean": NaN,
  "plv_F4_C4_gt_std": NaN,
  "plv_F4_C4_ratio_mean": NaN,
  "plv_F4_C4_ratio_std": NaN
}