{
  "S088": {
    "error": "recon_fif_missing"
  },
  "S089": {
    "error": "recon_fif_missing"
  },
  "S090": {
    "acc_gt": 0.5700000000000001,
    "acc_pred": 0.73,
    "bes": 1.2807017541612802
  },
  "S091": {
    "error": "recon_fif_missing"
  },
  "S092": {
    "acc_gt": 0.34,
    "acc_pred": 0.32666666666666666,
    "bes": 0.9607843134429065
  },
  "S093": {
    "acc_gt": 0.62,
    "acc_pred": 0.38,
    "bes": 0.6129032257075963
  },
  "S094": {
    "acc_gt": 0.5900000000000001,
    "acc_pred": 0.51,
    "bes": 0.8644067795145072
  },
  "S095": {
    "acc_gt": 0.37,
    "acc_pred": 0.39,
    "bes": 1.0540540537691747
  },
  "S096": {
    "acc_gt": 0.39,
    "acc_pred": 0.43,
    "bes": 1.1025641022813937
  },
  "S097": {
    "acc_gt": 0.7,
    "acc_pred": 0.41,
    "bes": 0.5857142856306122
  },
  "S098": {
    "acc_gt": 0.71,
    "acc_pred": 0.25,
    "bes": 0.35211267600674473
  },
  "S099": {
    "acc_gt": 0.61,
    "acc_pred": 0.42000000000000004,
    "bes": 0.6885245900510616
  },
  "S100": {
    "acc_gt": 0.6166666666666667,
    "acc_pred": 0.41666666666666663,
    "bes": 0.6756756755661065
  },
  "S101": {
    "acc_gt": 0.47000000000000003,
    "acc_pred": 0.82,
    "bes": 1.7446808506926208
  },
  "S102": {
    "acc_gt": 0.45999999999999996,
    "acc_pred": 0.48,
    "bes": 1.0434782606427222
  },
  "S103": {
    "acc_gt": 0.6599999999999999,
    "acc_pred": 0.48,
    "bes": 0.7272727271625344
  },
  "S104": {
    "acc_gt": 0.47000000000000003,
    "acc_pred": 0.44000000000000006,
    "bes": 0.9361702125667724
  },
  "S105": {
    "acc_gt": 0.75,
    "acc_pred": 0.47000000000000003,
    "bes": 0.6266666665831111
  },
  "S106": {
    "acc_gt": 0.42000000000000004,
    "acc_pred": 0.58,
    "bes": 1.3809523806235826
  },
  "S107": {
    "acc_gt": 0.5700000000000001,
    "acc_pred": 0.5599999999999999,
    "bes": 0.9824561401785162
  },
  "S108": {
    "acc_gt": 0.44000000000000006,
    "acc_pred": 0.38,
    "bes": 0.8636363634400825
  },
  "S109": {
    "acc_gt": 0.58,
    "acc_pred": 0.22999999999999998,
    "bes": 0.39655172406956
  }
}