{
  "mse_mean_mean": 1.7871008190795729e-09,
  "mse_mean_std": 2.5412856865401753e-09,
  "pearson_mean_mean": 0.5132869574516498,
  "pearson_mean_std": 0.076174765841457,
  "pearson_std_mean": 0.12324620595504597,
  "pearson_std_std": 0.039030271752843904,
  "mse_C3_mean": 1.0138608718292409e-09,
  "mse_C3_std": 6.042772957810854e-10,
  "pearson_C3_mean": 0.6528289589267517,
  "pearson_C3_std": 0.06684900223318686,
  "mse_C4_mean": 3.4184147107027086e-09,
  "mse_C4_std": 1.0151240939368296e-08,
  "pearson_C4_mean": 0.5820829027611576,
  "pearson_C4_std": 0.15876760298320572,
  "mse_P3_mean": 1.3735901484654888e-09,
  "mse_P3_std": 8.060197885012296e-10,
  "pearson_P3_mean": 0.41672512056545286,
  "pearson_P3_std": 0.08205728169895668,
  "mse_P4_mean": 1.3425375453208527e-09,
  "mse_P4_std": 7.414929397171903e-10,
  "pearson_P4_mean": 0.40151084755323674,
  "pearson_P4_std": 0.08735021291141142,
  "delta_C3_ratio_mean": 0.566157205326293,
  "delta_C3_ratio_std": 0.17360712909542822,
  "delta_C4_ratio_mean": 0.5839615330648456,
  "delta_C4_ratio_std": 0.2819979395376962,
  "delta_P3_ratio_mean": 0.630816093102546,
  "delta_P3_ratio_std": 0.3410392467445381,
  "delta_P4_ratio_mean": 0.7117610837903793,
  "delta_P4_ratio_std": 0.3826609439275277,
  "delta_mean_ratio_mean": 0.623173978821016,
  "delta_mean_ratio_std": 0.2712822040678452,
  "delta_std_ratio_mean": 0.10909901103454489,
  "delta_std_ratio_std": 0.10381176550953942,
  "theta_C3_ratio_mean": 0.3944839824882738,
  "theta_C3_ratio_std": 0.08765021309699143,
  "theta_C4_ratio_mean": 0.403216363757095,
  "theta_C4_ratio_std": 0.1774110519024027,
  "theta_P3_ratio_mean": 0.359724203895113,
  "theta_P3_ratio_std": 0.15966136463826988,
  "theta_P4_ratio_mean": 0.424394171204471,
  "theta_P4_ratio_std": 0.1758327565894602,
  "theta_mean_ratio_mean": 0.39545468033623826,
  "theta_mean_ratio_std": 0.13892114567378105,
  "theta_std_ratio_mean": 0.06262378829108158,
  "theta_std_ratio_std": 0.03485040746662646,
  "alpha_C3_ratio_mean": 0.24212569807300585,
  "alpha_C3_ratio_std": 0.06146953034711387,
  "alpha_C4_ratio_mean": 0.21231200438650452,
  "alpha_C4_ratio_std": 0.08207500554313636,
  "alpha_P3_ratio_mean": 0.1476526143211789,
  "alpha_P3_ratio_std": 0.06386771142814651,
  "alpha_P4_ratio_mean": 0.17074339745435357,
  "alpha_P4_ratio_std": 0.07443183040505867,
  "alpha_mean_ratio_mean": 0.1932084285587607,
  "alpha_mean_ratio_std": 0.06128954028980538,
  "alpha_std_ratio_mean": 0.048074255070059406,
  "alpha_std_ratio_std": 0.01733263062922429,
  "beta_C3_ratio_mean": 0.20990437145759688,
  "beta_C3_ratio_std": 0.06165814462871763,
  "beta_C4_ratio_mean": 0.2067955702157614,
  "beta_C4_ratio_std": 0.09792552663326352,
  "beta_P3_ratio_mean": 0.14165641024598571,
  "beta_P3_ratio_std": 0.048208557493551796,
  "beta_P4_ratio_mean": 0.1863519371439043,
  "beta_P4_ratio_std": 0.07202560054137287,
  "beta_mean_ratio_mean": 0.1861770722658121,
  "beta_mean_ratio_std": 0.0647875387092959,
  "beta_std_ratio_mean": 0.03821377170223391,
  "beta_std_ratio_std": 0.017622746271468467,
  "gamma_C3_ratio_mean": 0.1276949630077536,
  "gamma_C3_ratio_std": 0.05188535842020846,
  "gamma_C4_ratio_mean": 0.11751551155333456,
  "gamma_C4_ratio_std": 0.06662235794629807,
  "gamma_P3_ratio_mean": 0.09060015721244517,
  "gamma_P3_ratio_std": 0.037494642093646856,
  "gamma_P4_ratio_mean": 0.12096296890959367,
  "gamma_P4_ratio_std": 0.05225643176430717,
  "gamma_mean_ratio_mean": 0.11419340017078172,
  "gamma_mean_ratio_std": 0.04794506030959155,
  "gamma_std_ratio_mean": 0.023355224883579984,
  "gamma_std_ratio_std": 0.013097970173409053,
  "plv_F3_C3_pred_mean": NaN,
  "plv_F3_C3_pred_std": NaN,
  "plv_F3_C3_gt_mean": NaN,
  "plv_F3_C3_gt_std": NaN,
  "plv_F3_C3_ratio_mean": NaN,
  "plv_F3_C3_ratio_std": NaN,
  "plv_F4_C4_pred_mean": NaN,
  "plv_F4_C4_pred_std": NaN,
  "plv_F4_C4_gt_mean": NaN,
  "plv_F4_C4_gt_std": NaN,
  "plv_F4_C4_ratio_mean": NaN,
  "plv_F4_C4_ratio_std": NaN
}