{
  "bes_mean": 0.9592034545699548,
  "bes_std": 0.14589398167475365,
  "n": 22
}