{
  "S088": {
    "acc_gt": 0.44298245614035087,
    "acc_pred": 0.48245614035087714,
    "bes": 1.0891089106452307,
    "n_folds": 12,
    "n_epochs": 228
  },
  "S089": {
    "acc_gt": 0.527922077922078,
    "acc_pred": 0.49913419913419915,
    "bes": 0.9454694545154542,
    "n_folds": 14,
    "n_epochs": 189
  },
  "S090": {
    "acc_gt": 0.5166666666666667,
    "acc_pred": 0.4611111111111111,
    "bes": 0.892473118106833,
    "n_folds": 12,
    "n_epochs": 180
  },
  "S091": {
    "acc_gt": 0.44999999999999996,
    "acc_pred": 0.4944444444444444,
    "bes": 1.0987654318545954,
    "n_folds": 12,
    "n_epochs": 180
  },
  "S092": {
    "acc_gt": 0.5526315789473685,
    "acc_pred": 0.4561403508771929,
    "bes": 0.8253968252474676,
    "n_folds": 12,
    "n_epochs": 228
  },
  "S093": {
    "acc_gt": 0.6555555555555556,
    "acc_pred": 0.4888888888888889,
    "bes": 0.7457627117506463,
    "n_folds": 12,
    "n_epochs": 180
  },
  "S094": {
    "acc_gt": 0.6666666666666666,
    "acc_pred": 0.5944444444444444,
    "bes": 0.8916666665329167,
    "n_folds": 12,
    "n_epochs": 180
  },
  "S095": {
    "acc_gt": 0.5666666666666667,
    "acc_pred": 0.49999999999999994,
    "bes": 0.8823529410207611,
    "n_folds": 12,
    "n_epochs": 180
  },
  "S096": {
    "acc_gt": 0.5166666666666667,
    "acc_pred": 0.5555555555555556,
    "bes": 1.0752688169961844,
    "n_folds": 12,
    "n_epochs": 180
  },
  "S097": {
    "acc_gt": 0.5611111111111111,
    "acc_pred": 0.4611111111111111,
    "bes": 0.8217821780713654,
    "n_folds": 12,
    "n_epochs": 180
  },
  "S098": {
    "acc_gt": 0.5555555555555555,
    "acc_pred": 0.4388888888888889,
    "bes": 0.7899999998578001,
    "n_folds": 12,
    "n_epochs": 180
  },
  "S099": {
    "acc_gt": 0.4611111111111112,
    "acc_pred": 0.44999999999999996,
    "bes": 0.9759036142461893,
    "n_folds": 12,
    "n_epochs": 180
  },
  "S100": {
    "acc_gt": 0.5208333333333334,
    "acc_pred": 0.4861111111111111,
    "bes": 0.9333333331541332,
    "n_folds": 12,
    "n_epochs": 144
  },
  "S101": {
    "acc_gt": 0.43333333333333335,
    "acc_pred": 0.5944444444444446,
    "bes": 1.371794871478304,
    "n_folds": 12,
    "n_epochs": 180
  },
  "S102": {
    "acc_gt": 0.5944444444444444,
    "acc_pred": 0.4777777777777778,
    "bes": 0.803738317621801,
    "n_folds": 12,
    "n_epochs": 180
  },
  "S103": {
    "acc_gt": 0.4944444444444445,
    "acc_pred": 0.5333333333333333,
    "bes": 1.078651685175104,
    "n_folds": 12,
    "n_epochs": 180
  },
  "S104": {
    "acc_gt": 0.5688034188034189,
    "acc_pred": 0.517948717948718,
    "bes": 0.9105935385326228,
    "n_folds": 12,
    "n_epochs": 178
  },
  "S105": {
    "acc_gt": 0.6388888888888888,
    "acc_pred": 0.6055555555555555,
    "bes": 0.9478260868081664,
    "n_folds": 12,
    "n_epochs": 180
  },
  "S106": {
    "acc_gt": 0.5777777777777778,
    "acc_pred": 0.5458333333333333,
    "bes": 0.9447115382980305,
    "n_folds": 12,
    "n_epochs": 169
  },
  "S107": {
    "acc_gt": 0.4944444444444444,
    "acc_pred": 0.5111111111111112,
    "bes": 1.033707864959475,
    "n_folds": 12,
    "n_epochs": 180
  },
  "S108": {
    "acc_gt": 0.4888888888888889,
    "acc_pred": 0.5888888888888889,
    "bes": 1.2045454542990703,
    "n_folds": 12,
    "n_epochs": 180
  },
  "S109": {
    "acc_gt": 0.5888888888888889,
    "acc_pred": 0.4944444444444444,
    "bes": 0.8396226413668564,
    "n_folds": 12,
    "n_epochs": 180
  }
}