{
  "mse_mean_mean": 1.0630667664715735e-08,
  "mse_mean_std": 8.684092266153268e-09,
  "pearson_mean_mean": 0.3881733094272875,
  "pearson_mean_std": 0.16364447922315462,
  "pearson_std_mean": 0.10212698954744548,
  "pearson_std_std": 0.04000170298493264,
  "mse_C3_mean": 5.2738754506147166e-09,
  "mse_C3_std": 4.963026166574614e-09,
  "pearson_C3_mean": 0.504724855487507,
  "pearson_C3_std": 0.17035790832747139,
  "mse_C4_mean": 1.0846975852954905e-08,
  "mse_C4_std": 1.1494549425942356e-08,
  "pearson_C4_mean": 0.4158733510228593,
  "pearson_C4_std": 0.2084129095203519,
  "mse_P3_mean": 1.0485965981289121e-08,
  "mse_P3_std": 1.0088462614097385e-08,
  "pearson_P3_mean": 0.34440082520729387,
  "pearson_P3_std": 0.17238470889088384,
  "mse_P4_mean": 1.5915853374004196e-08,
  "mse_P4_std": 1.4216958048987483e-08,
  "pearson_P4_mean": 0.2876942059914899,
  "pearson_P4_std": 0.16340261266095374,
  "delta_C3_ratio_mean": 2.666198907751797,
  "delta_C3_ratio_std": 1.5654042220054343,
  "delta_C4_ratio_mean": 3.10355631374555,
  "delta_C4_ratio_std": 1.7179265898801175,
  "delta_P3_ratio_mean": 6.910871533040262,
  "delta_P3_ratio_std": 6.329206979671881,
  "delta_P4_ratio_mean": 7.7172480917891395,
  "delta_P4_ratio_std": 5.732332113274915,
  "delta_mean_ratio_mean": 5.099468711581688,
  "delta_mean_ratio_std": 3.5527207540164527,
  "delta_std_ratio_mean": 2.4975947923938735,
  "delta_std_ratio_std": 2.3937133227448366,
  "theta_C3_ratio_mean": 2.037522417837368,
  "theta_C3_ratio_std": 0.7288445973597913,
  "theta_C4_ratio_mean": 2.5829245881265233,
  "theta_C4_ratio_std": 1.485404457257743,
  "theta_P3_ratio_mean": 3.938844181694256,
  "theta_P3_ratio_std": 2.405683248822348,
  "theta_P4_ratio_mean": 4.881789436978593,
  "theta_P4_ratio_std": 2.8415379720486946,
  "theta_mean_ratio_mean": 3.3602701561591846,
  "theta_mean_ratio_std": 1.6075267373148516,
  "theta_std_ratio_mean": 1.3269299485470187,
  "theta_std_ratio_std": 1.0275512307389896,
  "alpha_C3_ratio_mean": 1.7972249449131403,
  "alpha_C3_ratio_std": 0.6869846831566567,
  "alpha_C4_ratio_mean": 2.6832847556292805,
  "alpha_C4_ratio_std": 2.073759642060663,
  "alpha_P3_ratio_mean": 2.2052182680435064,
  "alpha_P3_ratio_std": 1.3055738819282012,
  "alpha_P4_ratio_mean": 3.4095337896808413,
  "alpha_P4_ratio_std": 3.083738329078086,
  "alpha_mean_ratio_mean": 2.523815439566692,
  "alpha_mean_ratio_std": 1.6448181911009063,
  "alpha_std_ratio_mean": 0.8548196380643428,
  "alpha_std_ratio_std": 0.9593205450812599,
  "beta_C3_ratio_mean": 4.054021216884543,
  "beta_C3_ratio_std": 2.9302050496034426,
  "beta_C4_ratio_mean": 12.514581050044406,
  "beta_C4_ratio_std": 17.872968576897346,
  "beta_P3_ratio_mean": 7.367016119911636,
  "beta_P3_ratio_std": 7.259734113429336,
  "beta_P4_ratio_mean": 19.34326078735721,
  "beta_P4_ratio_std": 26.31942745726036,
  "beta_mean_ratio_mean": 10.81971979354945,
  "beta_mean_ratio_std": 13.119277222183701,
  "beta_std_ratio_mean": 6.124328601070075,
  "beta_std_ratio_std": 9.593916190921673,
  "gamma_C3_ratio_mean": 7.684207990622861,
  "gamma_C3_ratio_std": 8.886409575842647,
  "gamma_C4_ratio_mean": 26.24127787993426,
  "gamma_C4_ratio_std": 32.684462335255596,
  "gamma_P3_ratio_mean": 17.888847430995302,
  "gamma_P3_ratio_std": 21.286036346546524,
  "gamma_P4_ratio_mean": 47.707941672575004,
  "gamma_P4_ratio_std": 60.59799423496186,
  "gamma_mean_ratio_mean": 24.880568743531857,
  "gamma_mean_ratio_std": 29.633432039510033,
  "gamma_std_ratio_mean": 15.377930985810274,
  "gamma_std_ratio_std": 20.50310862293078,
  "plv_F3_C3_pred_mean": NaN,
  "plv_F3_C3_pred_std": NaN,
  "plv_F3_C3_gt_mean": NaN,
  "plv_F3_C3_gt_std": NaN,
  "plv_F3_C3_ratio_mean": NaN,
  "plv_F3_C3_ratio_std": NaN,
  "plv_F4_C4_pred_mean": NaN,
  "plv_F4_C4_pred_std": NaN,
  "plv_F4_C4_gt_mean": NaN,
  "plv_F4_C4_gt_std": NaN,
  "plv_F4_C4_ratio_mean": NaN,
  "plv_F4_C4_ratio_std": NaN,
  "bes_mean": 0.9287291347745249,
  "bes_std": 0.10854894947761806
}