{
  "mse_mean_mean": 1.7267040173367185e-09,
  "mse_mean_std": 2.5612619088895207e-09,
  "pearson_mean_mean": 0.6092582037615226,
  "pearson_mean_std": 0.08359651928380574,
  "pearson_std_mean": 0.12780679588230265,
  "pearson_std_std": 0.04922426183248901,
  "mse_C3_mean": 8.478700618650368e-10,
  "mse_C3_std": 5.801422123568251e-10,
  "pearson_C3_mean": 0.7437654185724712,
  "pearson_C3_std": 0.05842691459961997,
  "mse_C4_mean": 3.1650208594932187e-09,
  "mse_C4_std": 1.0074440111997103e-08,
  "pearson_C4_mean": 0.6900576612026296,
  "pearson_C4_std": 0.1770934414963663,
  "mse_P3_mean": 1.4003444727632589e-09,
  "mse_P3_std": 9.238340725289406e-10,
  "pearson_P3_mean": 0.5172525356208073,
  "pearson_P3_std": 0.09068163758137043,
  "mse_P4_mean": 1.493580675225359e-09,
  "mse_P4_std": 9.999337524529045e-10,
  "pearson_P4_mean": 0.4859571996501823,
  "pearson_P4_std": 0.108148313639786,
  "delta_C3_ratio_mean": 1.1151177857576133,
  "delta_C3_ratio_std": 0.48231094452878764,
  "delta_C4_ratio_mean": 1.1786664264290416,
  "delta_C4_ratio_std": 0.5996432781769703,
  "delta_P3_ratio_mean": 1.410331430720442,
  "delta_P3_ratio_std": 1.026265182674904,
  "delta_P4_ratio_mean": 1.6171645543064197,
  "delta_P4_ratio_std": 1.1385378816156477,
  "delta_mean_ratio_mean": 1.330320049303379,
  "delta_mean_ratio_std": 0.7707419765473217,
  "delta_std_ratio_mean": 0.2743451078185799,
  "delta_std_ratio_std": 0.3249782060801434,
  "theta_C3_ratio_mean": 0.7865258757152649,
  "theta_C3_ratio_std": 0.28325939952813767,
  "theta_C4_ratio_mean": 0.8461305154408668,
  "theta_C4_ratio_std": 0.4311270253618541,
  "theta_P3_ratio_mean": 0.8245459745057202,
  "theta_P3_ratio_std": 0.5547086697317107,
  "theta_P4_ratio_mean": 0.9523233892579391,
  "theta_P4_ratio_std": 0.5988565717595776,
  "theta_mean_ratio_mean": 0.8523814387299475,
  "theta_mean_ratio_std": 0.4482470321746612,
  "theta_std_ratio_mean": 0.13994588914665845,
  "theta_std_ratio_std": 0.12799953323124116,
  "alpha_C3_ratio_mean": 0.4738551253589309,
  "alpha_C3_ratio_std": 0.10464989999572762,
  "alpha_C4_ratio_mean": 0.456676958076072,
  "alpha_C4_ratio_std": 0.16913478361357628,
  "alpha_P3_ratio_mean": 0.31288839942733715,
  "alpha_P3_ratio_std": 0.13577367608435842,
  "alpha_P4_ratio_mean": 0.357798761523022,
  "alpha_P4_ratio_std": 0.14714440593409417,
  "alpha_mean_ratio_mean": 0.40030481109634053,
  "alpha_mean_ratio_std": 0.12068283549685467,
  "alpha_std_ratio_mean": 0.09119416663170248,
  "alpha_std_ratio_std": 0.03923363872394054,
  "beta_C3_ratio_mean": 0.4026009212252332,
  "beta_C3_ratio_std": 0.11012099327992414,
  "beta_C4_ratio_mean": 0.4247343014885018,
  "beta_C4_ratio_std": 0.18268612170362808,
  "beta_P3_ratio_mean": 0.3044764984891714,
  "beta_P3_ratio_std": 0.10613461439433385,
  "beta_P4_ratio_mean": 0.39892588002391366,
  "beta_P4_ratio_std": 0.14876114583146863,
  "beta_mean_ratio_mean": 0.38268440030670503,
  "beta_mean_ratio_std": 0.1269606389372157,
  "beta_std_ratio_mean": 0.0673571783097078,
  "beta_std_ratio_std": 0.03470027893991107,
  "gamma_C3_ratio_mean": 0.2521657087725642,
  "gamma_C3_ratio_std": 0.10329008060289156,
  "gamma_C4_ratio_mean": 0.24232642564240026,
  "gamma_C4_ratio_std": 0.12012180833488585,
  "gamma_P3_ratio_mean": 0.2023336364166982,
  "gamma_P3_ratio_std": 0.09300126891591176,
  "gamma_P4_ratio_mean": 0.27532562050386,
  "gamma_P4_ratio_std": 0.12106011951585198,
  "gamma_mean_ratio_mean": 0.24303784783388066,
  "gamma_mean_ratio_std": 0.10213826472373508,
  "gamma_std_ratio_mean": 0.04185745850253979,
  "gamma_std_ratio_std": 0.024743420294190917,
  "plv_F3_C3_pred_mean": NaN,
  "plv_F3_C3_pred_std": NaN,
  "plv_F3_C3_gt_mean": NaN,
  "plv_F3_C3_gt_std": NaN,
  "plv_F3_C3_ratio_mean": NaN,
  "plv_F3_C3_ratio_std": NaN,
  "plv_F4_C4_pred_mean": NaN,
  "plv_F4_C4_pred_std": NaN,
  "plv_F4_C4_gt_mean": NaN,
  "plv_F4_C4_gt_std": NaN,
  "plv_F4_C4_ratio_mean": NaN,
  "plv_F4_C4_ratio_std": NaN
}