{
  "S088": {
    "acc_gt": 0.56,
    "acc_pred": 0.5466666666666666,
    "bes": 0.9761904760161563
  },
  "S089": {
    "acc_gt": 0.5599999999999999,
    "acc_pred": 0.74,
    "bes": 1.3214285711926022
  },
  "S090": {
    "acc_gt": 0.5700000000000001,
    "acc_pred": 0.5700000000000001,
    "bes": 0.9999999998245613
  },
  "S091": {
    "acc_gt": 0.9099999999999999,
    "acc_pred": 0.58,
    "bes": 0.6373626372925976
  },
  "S092": {
    "acc_gt": 0.34,
    "acc_pred": 0.3,
    "bes": 0.8823529409169549
  },
  "S093": {
    "acc_gt": 0.62,
    "acc_pred": 0.58,
    "bes": 0.9354838708168574
  },
  "S094": {
    "acc_gt": 0.5900000000000001,
    "acc_pred": 0.63,
    "bes": 1.067796609988509
  },
  "S095": {
    "acc_gt": 0.37,
    "acc_pred": 0.67,
    "bes": 1.8108108103214027
  },
  "S096": {
    "acc_gt": 0.39,
    "acc_pred": 0.37,
    "bes": 0.9487179484746876
  },
  "S097": {
    "acc_gt": 0.7,
    "acc_pred": 0.61,
    "bes": 0.8714285713040817
  },
  "S098": {
    "acc_gt": 0.71,
    "acc_pred": 0.5599999999999999,
    "bes": 0.7887323942551081
  },
  "S099": {
    "acc_gt": 0.61,
    "acc_pred": 0.62,
    "bes": 1.016393442456329
  },
  "S100": {
    "acc_gt": 0.6166666666666667,
    "acc_pred": 0.31666666666666665,
    "bes": 0.513513513430241
  },
  "S101": {
    "acc_gt": 0.47000000000000003,
    "acc_pred": 0.58,
    "bes": 1.234042552928927
  },
  "S102": {
    "acc_gt": 0.45999999999999996,
    "acc_pred": 0.33999999999999997,
    "bes": 0.7391304346219282
  },
  "S103": {
    "acc_gt": 0.6599999999999999,
    "acc_pred": 0.33999999999999997,
    "bes": 0.5151515150734619
  },
  "S104": {
    "acc_gt": 0.47000000000000003,
    "acc_pred": 0.58,
    "bes": 1.234042552928927
  },
  "S105": {
    "acc_gt": 0.75,
    "acc_pred": 0.71,
    "bes": 0.9466666665404444
  },
  "S106": {
    "acc_gt": 0.42000000000000004,
    "acc_pred": 0.38,
    "bes": 0.9047619045464852
  },
  "S107": {
    "acc_gt": 0.5700000000000001,
    "acc_pred": 0.71,
    "bes": 1.2456140348691902
  },
  "S108": {
    "acc_gt": 0.44000000000000006,
    "acc_pred": 0.47000000000000003,
    "bes": 1.0681818179390494
  },
  "S109": {
    "acc_gt": 0.58,
    "acc_pred": 0.5,
    "bes": 0.8620689653686089
  }
}