{
  "mse_mean_mean": 9.106385266384846e-10,
  "mse_mean_std": 2.4791877671568237e-09,
  "pearson_mean_mean": 0.8519400214478133,
  "pearson_mean_std": 0.09179308252103253,
  "pearson_std_mean": 0.06276629294214947,
  "pearson_std_std": 0.06638607643190872,
  "mse_C3_mean": 2.941779720520179e-10,
  "mse_C3_std": 1.9453235755597017e-10,
  "pearson_C3_mean": 0.9057420540822975,
  "pearson_C3_std": 0.05264800113461027,
  "mse_C4_mean": 2.4610252433924423e-09,
  "mse_C4_std": 9.798177352735743e-09,
  "pearson_C4_mean": 0.8567284505313061,
  "pearson_C4_std": 0.2085120112303942,
  "mse_P3_mean": 3.717670315369322e-10,
  "mse_P3_std": 2.464097945989571e-10,
  "pearson_P3_mean": 0.8579424825966574,
  "pearson_P3_std": 0.0680412874187277,
  "mse_P4_mean": 5.155838595725459e-10,
  "mse_P4_std": 3.0352910324655916e-10,
  "pearson_P4_mean": 0.7873470985809928,
  "pearson_P4_std": 0.0953215823007576,
  "delta_C3_ratio_mean": 0.831695221982216,
  "delta_C3_ratio_std": 0.117471979482955,
  "delta_C4_ratio_mean": 0.7515022777486294,
  "delta_C4_ratio_std": 0.20939998355370312,
  "delta_P3_ratio_mean": 0.696768771882882,
  "delta_P3_ratio_std": 0.1570631474354953,
  "delta_P4_ratio_mean": 0.6505666871794108,
  "delta_P4_ratio_std": 0.14871995132718618,
  "delta_mean_ratio_mean": 0.7326332396982846,
  "delta_mean_ratio_std": 0.12044800688385829,
  "delta_std_ratio_mean": 0.10957685071603042,
  "delta_std_ratio_std": 0.06435397618926385,
  "theta_C3_ratio_mean": 0.8094684189900234,
  "theta_C3_ratio_std": 0.10140172314661372,
  "theta_C4_ratio_mean": 0.6931783510601852,
  "theta_C4_ratio_std": 0.2017614975502065,
  "theta_P3_ratio_mean": 0.6655088765798444,
  "theta_P3_ratio_std": 0.14693858498905377,
  "theta_P4_ratio_mean": 0.6094128244468784,
  "theta_P4_ratio_std": 0.16569498592623683,
  "theta_mean_ratio_mean": 0.6943921177692327,
  "theta_mean_ratio_std": 0.12647212382574757,
  "theta_std_ratio_mean": 0.10416093623310374,
  "theta_std_ratio_std": 0.059069329499604056,
  "alpha_C3_ratio_mean": 0.7218810426638899,
  "alpha_C3_ratio_std": 0.13939061367917807,
  "alpha_C4_ratio_mean": 0.6007153010975491,
  "alpha_C4_ratio_std": 0.18775919086206935,
  "alpha_P3_ratio_mean": 0.5962712289336719,
  "alpha_P3_ratio_std": 0.19005546648496188,
  "alpha_P4_ratio_mean": 0.5467062019821335,
  "alpha_P4_ratio_std": 0.232100149491598,
  "alpha_mean_ratio_mean": 0.6163934436693111,
  "alpha_mean_ratio_std": 0.16591255945144806,
  "alpha_std_ratio_mean": 0.09889928469694144,
  "alpha_std_ratio_std": 0.054948352924958976,
  "beta_C3_ratio_mean": 0.6519790793092451,
  "beta_C3_ratio_std": 0.16868341909499007,
  "beta_C4_ratio_mean": 0.5404007938205229,
  "beta_C4_ratio_std": 0.2004211354831897,
  "beta_P3_ratio_mean": 0.58640098091808,
  "beta_P3_ratio_std": 0.22303334320632928,
  "beta_P4_ratio_mean": 0.5491882601447747,
  "beta_P4_ratio_std": 0.21379774385069636,
  "beta_mean_ratio_mean": 0.5819922785481557,
  "beta_mean_ratio_std": 0.18791600706281864,
  "beta_std_ratio_mean": 0.07665624731900497,
  "beta_std_ratio_std": 0.04196783051380438,
  "gamma_C3_ratio_mean": 0.43719007805129073,
  "gamma_C3_ratio_std": 0.16808127118307128,
  "gamma_C4_ratio_mean": 0.35980081431852196,
  "gamma_C4_ratio_std": 0.18341703510024635,
  "gamma_P3_ratio_mean": 0.3422318168604205,
  "gamma_P3_ratio_std": 0.13362204210882503,
  "gamma_P4_ratio_mean": 0.3483132708369637,
  "gamma_P4_ratio_std": 0.1294168697978236,
  "gamma_mean_ratio_mean": 0.3718839950167992,
  "gamma_mean_ratio_std": 0.14321403844351732,
  "gamma_std_ratio_mean": 0.0610679770163252,
  "gamma_std_ratio_std": 0.036688495340111406,
  "plv_F3_C3_pred_mean": NaN,
  "plv_F3_C3_pred_std": NaN,
  "plv_F3_C3_gt_mean": NaN,
  "plv_F3_C3_gt_std": NaN,
  "plv_F3_C3_ratio_mean": NaN,
  "plv_F3_C3_ratio_std": NaN,
  "plv_F4_C4_pred_mean": NaN,
  "plv_F4_C4_pred_std": NaN,
  "plv_F4_C4_gt_mean": NaN,
  "plv_F4_C4_gt_std": NaN,
  "plv_F4_C4_ratio_mean": NaN,
  "plv_F4_C4_ratio_std": NaN
}