{
  "S088": {
    "error": "recon_fif_missing"
  },
  "S089": {
    "acc_gt": 0.5599999999999999,
    "acc_pred": 0.43,
    "bes": 0.7678571427200256
  },
  "S090": {
    "acc_gt": 0.5700000000000001,
    "acc_pred": 0.8099999999999999,
    "bes": 1.4210526313296397
  },
  "S091": {
    "error": "recon_fif_missing"
  },
  "S092": {
    "acc_gt": 0.34,
    "acc_pred": 0.52,
    "bes": 1.5294117642560552
  },
  "S093": {
    "acc_gt": 0.62,
    "acc_pred": 0.48,
    "bes": 0.7741935482622269
  },
  "S094": {
    "acc_gt": 0.5900000000000001,
    "acc_pred": 0.47000000000000003,
    "bes": 0.7966101693565066
  },
  "S095": {
    "acc_gt": 0.37,
    "acc_pred": 0.53,
    "bes": 1.4324324320452886
  },
  "S096": {
    "acc_gt": 0.39,
    "acc_pred": 0.45999999999999996,
    "bes": 1.1794871791847468
  },
  "S097": {
    "acc_gt": 0.7,
    "acc_pred": 0.54,
    "bes": 0.7714285713183674
  },
  "S098": {
    "acc_gt": 0.71,
    "acc_pred": 0.61,
    "bes": 0.8591549294564571
  },
  "S099": {
    "acc_gt": 0.61,
    "acc_pred": 0.47000000000000003,
    "bes": 0.7704918031523784
  },
  "S100": {
    "acc_gt": 0.6166666666666667,
    "acc_pred": 0.65,
    "bes": 1.0540540538831265
  },
  "S101": {
    "acc_gt": 0.47000000000000003,
    "acc_pred": 0.5700000000000001,
    "bes": 1.2127659571887732
  },
  "S102": {
    "acc_gt": 0.45999999999999996,
    "acc_pred": 0.51,
    "bes": 1.1086956519328923
  },
  "S103": {
    "acc_gt": 0.6599999999999999,
    "acc_pred": 0.58,
    "bes": 0.8787878786547292
  },
  "S104": {
    "acc_gt": 0.47000000000000003,
    "acc_pred": 0.43,
    "bes": 0.9148936168266183
  },
  "S105": {
    "acc_gt": 0.75,
    "acc_pred": 0.47000000000000003,
    "bes": 0.6266666665831111
  },
  "S106": {
    "acc_gt": 0.42000000000000004,
    "acc_pred": 0.61,
    "bes": 1.4523809520351472
  },
  "S107": {
    "acc_gt": 0.5700000000000001,
    "acc_pred": 0.47000000000000003,
    "bes": 0.824561403364112
  },
  "S108": {
    "acc_gt": 0.44000000000000006,
    "acc_pred": 0.43,
    "bes": 0.9772727270506196
  },
  "S109": {
    "acc_gt": 0.58,
    "acc_pred": 0.22000000000000003,
    "bes": 0.37931034476218795
  }
}