{
  "mse_mean_mean": 1.8859960643410287e-09,
  "mse_mean_std": 2.580963562684359e-09,
  "pearson_mean_mean": 0.6185736604070873,
  "pearson_mean_std": 0.08505414902941849,
  "pearson_std_mean": 0.12503867743705852,
  "pearson_std_std": 0.04862639477361112,
  "mse_C3_mean": 9.947251679207826e-10,
  "mse_C3_std": 8.431809867477992e-10,
  "pearson_C3_mean": 0.7496414055054903,
  "pearson_C3_std": 0.05878704679697376,
  "mse_C4_mean": 3.104097254311125e-09,
  "mse_C4_std": 9.618606652452138e-09,
  "pearson_C4_mean": 0.7006214497456869,
  "pearson_C4_std": 0.172373802959837,
  "mse_P3_mean": 1.6641120863888216e-09,
  "mse_P3_std": 1.488778334808456e-09,
  "pearson_P3_mean": 0.5269398644005434,
  "pearson_P3_std": 0.09362742677898986,
  "mse_P4_mean": 1.781049748743386e-09,
  "mse_P4_std": 1.5985798714219652e-09,
  "pearson_P4_mean": 0.49709192197662855,
  "pearson_P4_std": 0.10924158007662486,
  "delta_C3_ratio_mean": 1.207652658863459,
  "delta_C3_ratio_std": 0.7163059790189477,
  "delta_C4_ratio_mean": 1.3009619693827903,
  "delta_C4_ratio_std": 0.889824906020697,
  "delta_P3_ratio_mean": 1.7310816538992404,
  "delta_P3_ratio_std": 1.9306326489652965,
  "delta_P4_ratio_mean": 1.9839874801461936,
  "delta_P4_ratio_std": 2.1967471449677416,
  "delta_mean_ratio_mean": 1.555920940572921,
  "delta_mean_ratio_std": 1.407705086791074,
  "delta_std_ratio_mean": 0.38897694764210616,
  "delta_std_ratio_std": 0.656961464863121,
  "theta_C3_ratio_mean": 0.8770734022850468,
  "theta_C3_ratio_std": 0.4895866345631034,
  "theta_C4_ratio_mean": 0.9798731561001575,
  "theta_C4_ratio_std": 0.7041314035593738,
  "theta_P3_ratio_mean": 1.0426698339739042,
  "theta_P3_ratio_std": 1.1150187802857174,
  "theta_P4_ratio_mean": 1.2188393441342962,
  "theta_P4_ratio_std": 1.3179015009107267,
  "theta_mean_ratio_mean": 1.029613934123351,
  "theta_mean_ratio_std": 0.8957412257484726,
  "theta_std_ratio_mean": 0.20267271599006492,
  "theta_std_ratio_std": 0.3176604046115262,
  "alpha_C3_ratio_mean": 0.4917163749059767,
  "alpha_C3_ratio_std": 0.12524944483918848,
  "alpha_C4_ratio_mean": 0.4894317538282566,
  "alpha_C4_ratio_std": 0.1992569512498598,
  "alpha_P3_ratio_mean": 0.34083927075229614,
  "alpha_P3_ratio_std": 0.1619259446589853,
  "alpha_P4_ratio_mean": 0.38509044753787536,
  "alpha_P4_ratio_std": 0.16477580449444829,
  "alpha_mean_ratio_mean": 0.42676946175610114,
  "alpha_mean_ratio_std": 0.14658809744964119,
  "alpha_std_ratio_mean": 0.09247173653918747,
  "alpha_std_ratio_std": 0.03831209401770151,
  "beta_C3_ratio_mean": 0.4108141197625587,
  "beta_C3_ratio_std": 0.10842177898898285,
  "beta_C4_ratio_mean": 0.4396001059582247,
  "beta_C4_ratio_std": 0.18091519740865583,
  "beta_P3_ratio_mean": 0.32160011161953334,
  "beta_P3_ratio_std": 0.11544608740135422,
  "beta_P4_ratio_mean": 0.41998965546198713,
  "beta_P4_ratio_std": 0.15757510657485288,
  "beta_mean_ratio_mean": 0.39800099820057605,
  "beta_mean_ratio_std": 0.13097990773083235,
  "beta_std_ratio_mean": 0.0667314796704681,
  "beta_std_ratio_std": 0.03325378195438864,
  "gamma_C3_ratio_mean": 0.25860691679201886,
  "gamma_C3_ratio_std": 0.10056977295566465,
  "gamma_C4_ratio_mean": 0.24643558045693836,
  "gamma_C4_ratio_std": 0.11526690036982362,
  "gamma_P3_ratio_mean": 0.21613973695153268,
  "gamma_P3_ratio_std": 0.1030145527531207,
  "gamma_P4_ratio_mean": 0.28687980851186395,
  "gamma_P4_ratio_std": 0.12331148332682214,
  "gamma_mean_ratio_mean": 0.2520155106780885,
  "gamma_mean_ratio_std": 0.10227147258432301,
  "gamma_std_ratio_mean": 0.043053584096529,
  "gamma_std_ratio_std": 0.025215914516773907,
  "plv_F3_C3_pred_mean": NaN,
  "plv_F3_C3_pred_std": NaN,
  "plv_F3_C3_gt_mean": NaN,
  "plv_F3_C3_gt_std": NaN,
  "plv_F3_C3_ratio_mean": NaN,
  "plv_F3_C3_ratio_std": NaN,
  "plv_F4_C4_pred_mean": NaN,
  "plv_F4_C4_pred_std": NaN,
  "plv_F4_C4_gt_mean": NaN,
  "plv_F4_C4_gt_std": NaN,
  "plv_F4_C4_ratio_mean": NaN,
  "plv_F4_C4_ratio_std": NaN
}