{
  "S088": {
    "acc_gt": 0.56,
    "acc_pred": 0.29333333333333333,
    "bes": 0.5238095237159863
  },
  "S089": {
    "acc_gt": 0.5599999999999999,
    "acc_pred": 0.6599999999999999,
    "bes": 1.1785714283609694
  },
  "S090": {
    "acc_gt": 0.5700000000000001,
    "acc_pred": 0.6900000000000001,
    "bes": 1.2105263155771007
  },
  "S091": {
    "acc_gt": 0.9099999999999999,
    "acc_pred": 0.77,
    "bes": 0.8461538460608623
  },
  "S092": {
    "acc_gt": 0.34,
    "acc_pred": 0.6933333333333332,
    "bes": 2.03921568567474
  },
  "S093": {
    "acc_gt": 0.62,
    "acc_pred": 0.48,
    "bes": 0.7741935482622269
  },
  "S094": {
    "acc_gt": 0.5900000000000001,
    "acc_pred": 0.6599999999999999,
    "bes": 1.118644067607009
  },
  "S095": {
    "acc_gt": 0.37,
    "acc_pred": 0.44000000000000006,
    "bes": 1.1891891888677868
  },
  "S096": {
    "acc_gt": 0.39,
    "acc_pred": 0.42000000000000004,
    "bes": 1.0769230766469429
  },
  "S097": {
    "acc_gt": 0.7,
    "acc_pred": 0.54,
    "bes": 0.7714285713183674
  },
  "S098": {
    "acc_gt": 0.71,
    "acc_pred": 0.33999999999999997,
    "bes": 0.47887323936917275
  },
  "S099": {
    "acc_gt": 0.61,
    "acc_pred": 0.61,
    "bes": 0.9999999998360656
  },
  "S100": {
    "acc_gt": 0.6166666666666667,
    "acc_pred": 0.4833333333333333,
    "bes": 0.7837837836566836
  },
  "S101": {
    "acc_gt": 0.47000000000000003,
    "acc_pred": 0.62,
    "bes": 1.3191489358895427
  },
  "S102": {
    "acc_gt": 0.45999999999999996,
    "acc_pred": 0.73,
    "bes": 1.58695652139414
  },
  "S103": {
    "acc_gt": 0.6599999999999999,
    "acc_pred": 0.58,
    "bes": 0.8787878786547292
  },
  "S104": {
    "acc_gt": 0.47000000000000003,
    "acc_pred": 0.58,
    "bes": 1.234042552928927
  },
  "S105": {
    "acc_gt": 0.75,
    "acc_pred": 0.38,
    "bes": 0.5066666665991111
  },
  "S106": {
    "acc_gt": 0.42000000000000004,
    "acc_pred": 0.48,
    "bes": 1.1428571425850338
  },
  "S107": {
    "acc_gt": 0.5700000000000001,
    "acc_pred": 0.58,
    "bes": 1.017543859470606
  },
  "S108": {
    "acc_gt": 0.44000000000000006,
    "acc_pred": 0.42000000000000004,
    "bes": 0.9545454543285123
  },
  "S109": {
    "acc_gt": 0.58,
    "acc_pred": 0.22000000000000003,
    "bes": 0.37931034476218795
  }
}