{
  "mse_mean_mean": 2.2032595783170633e-09,
  "mse_mean_std": 2.4230945042334206e-09,
  "pearson_mean_mean": -0.021001071126492646,
  "pearson_mean_std": 0.04103485959180304,
  "pearson_std_mean": 0.0184563155459493,
  "pearson_std_std": 0.0079365632875289,
  "mse_C3_mean": 1.883279666906714e-09,
  "mse_C3_std": 1.1894648989887747e-09,
  "pearson_C3_mean": -0.01413407028702901,
  "pearson_C3_std": 0.04792040713023979,
  "mse_C4_mean": 3.7135761064865757e-09,
  "mse_C4_std": 9.238732545670624e-09,
  "pearson_C4_mean": -0.01696116357443829,
  "pearson_C4_std": 0.05397514130067199,
  "mse_P3_mean": 1.655653134928966e-09,
  "mse_P3_std": 1.0616277671562064e-09,
  "pearson_P3_mean": -0.038844467784311686,
  "pearson_P3_std": 0.04238959003070153,
  "mse_P4_mean": 1.5605294049459968e-09,
  "mse_P4_std": 9.923921798069806e-10,
  "pearson_P4_mean": -0.014064582860191592,
  "pearson_P4_std": 0.030222515117521748,
  "delta_C3_ratio_mean": 0.026223320146739882,
  "delta_C3_ratio_std": 0.016725502681583827,
  "delta_C4_ratio_mean": 0.030065296830368394,
  "delta_C4_ratio_std": 0.01592125029279314,
  "delta_P3_ratio_mean": 0.043347086813494314,
  "delta_P3_ratio_std": 0.04223840347970619,
  "delta_P4_ratio_mean": 0.04796583658428029,
  "delta_P4_ratio_std": 0.04036307015401246,
  "delta_mean_ratio_mean": 0.036900385093720726,
  "delta_mean_ratio_std": 0.027586492793214686,
  "delta_std_ratio_mean": 0.010593108648124959,
  "delta_std_ratio_std": 0.013948987391284735,
  "theta_C3_ratio_mean": 0.02868040473253828,
  "theta_C3_ratio_std": 0.013434211499217986,
  "theta_C4_ratio_mean": 0.034437660888621595,
  "theta_C4_ratio_std": 0.01798480299931753,
  "theta_P3_ratio_mean": 0.03813822059186789,
  "theta_P3_ratio_std": 0.023616083769183928,
  "theta_P4_ratio_mean": 0.046325142072759055,
  "theta_P4_ratio_std": 0.026330308884777723,
  "theta_mean_ratio_mean": 0.0368953570714467,
  "theta_mean_ratio_std": 0.01888024013438041,
  "theta_std_ratio_mean": 0.008591542033927707,
  "theta_std_ratio_std": 0.0070323320321109715,
  "alpha_C3_ratio_mean": 0.022460451317081204,
  "alpha_C3_ratio_std": 0.014971993467320336,
  "alpha_C4_ratio_mean": 0.02700803010986179,
  "alpha_C4_ratio_std": 0.018219020368309212,
  "alpha_P3_ratio_mean": 0.02320168705764637,
  "alpha_P3_ratio_std": 0.018758335800564883,
  "alpha_P4_ratio_mean": 0.02716476659014396,
  "alpha_P4_ratio_std": 0.02016696095556493,
  "alpha_mean_ratio_mean": 0.02495873376868333,
  "alpha_mean_ratio_std": 0.01718744985729495,
  "alpha_std_ratio_mean": 0.005126779846757231,
  "alpha_std_ratio_std": 0.0034022189684044333,
  "beta_C3_ratio_mean": 0.019740573575833274,
  "beta_C3_ratio_std": 0.011653180453635097,
  "beta_C4_ratio_mean": 0.0245478154701345,
  "beta_C4_ratio_std": 0.013917426465765076,
  "beta_P3_ratio_mean": 0.021102244891194638,
  "beta_P3_ratio_std": 0.013286342743935241,
  "beta_P4_ratio_mean": 0.028241217087475932,
  "beta_P4_ratio_std": 0.016874326113940023,
  "beta_mean_ratio_mean": 0.023407962756159584,
  "beta_mean_ratio_std": 0.01333399943029616,
  "beta_std_ratio_mean": 0.0045562480776909125,
  "beta_std_ratio_std": 0.003160976903071873,
  "gamma_C3_ratio_mean": 0.009521944074677883,
  "gamma_C3_ratio_std": 0.006430948462813043,
  "gamma_C4_ratio_mean": 0.011318930289891066,
  "gamma_C4_ratio_std": 0.0071624150505806596,
  "gamma_P3_ratio_mean": 0.011701908757913616,
  "gamma_P3_ratio_std": 0.006954266376607342,
  "gamma_P4_ratio_mean": 0.016136869750417643,
  "gamma_P4_ratio_std": 0.0097539698856729,
  "gamma_mean_ratio_mean": 0.012169913218225052,
  "gamma_mean_ratio_std": 0.007199331602609531,
  "gamma_std_ratio_mean": 0.002929224105434525,
  "gamma_std_ratio_std": 0.002133530182085184,
  "plv_F3_C3_pred_mean": NaN,
  "plv_F3_C3_pred_std": NaN,
  "plv_F3_C3_gt_mean": NaN,
  "plv_F3_C3_gt_std": NaN,
  "plv_F3_C3_ratio_mean": NaN,
  "plv_F3_C3_ratio_std": NaN,
  "plv_F4_C4_pred_mean": NaN,
  "plv_F4_C4_pred_std": NaN,
  "plv_F4_C4_gt_mean": NaN,
  "plv_F4_C4_gt_std": NaN,
  "plv_F4_C4_ratio_mean": NaN,
  "plv_F4_C4_ratio_std": NaN
}