{
  "model": "r(n) = a * n^b + c",
  "fit_points_n": [
    2,
    4,
    8,
    16,
    32
  ],
  "fit_points_r": [
    0.5132869574516498,
    0.6092582037615226,
    0.646930420466318,
    0.6794777336967196,
    0.8519400214478133
  ],
  "a": 0.04825598616453323,
  "a_std": 0.09444913092667176,
  "b": 0.5909065538932081,
  "b_std": 0.4675902676470301,
  "c": 0.46628402875294167,
  "c_std": 0.14644707258922615,
  "r_squared": 0.944698279228544,
  "n1_excluded": true,
  "n1_r_mean": -0.021001071126492646,
  "extrapolation": {
    "48": 0.9416276399274633,
    "64": 1.0297072982541793
  },
  "note": "n=1 excluded from fit (r<0, degenerate single-channel input)"
}