{
  "S088": {
    "acc_gt": 0.5219298245614035,
    "acc_pred": 0.5350877192982456,
    "bes": 1.0252100838371867,
    "n_folds": 12,
    "n_epochs": 228
  },
  "S089": {
    "acc_gt": 0.5008658008658009,
    "acc_pred": 0.5532467532467533,
    "bes": 1.1045808122254468,
    "n_folds": 14,
    "n_epochs": 189
  },
  "S090": {
    "acc_gt": 0.47222222222222227,
    "acc_pred": 0.6333333333333333,
    "bes": 1.3411764703042213,
    "n_folds": 12,
    "n_epochs": 180
  },
  "S091": {
    "acc_gt": 0.5111111111111111,
    "acc_pred": 0.45,
    "bes": 0.8804347824364368,
    "n_folds": 12,
    "n_epochs": 180
  },
  "S092": {
    "acc_gt": 0.5087719298245613,
    "acc_pred": 0.5789473684210528,
    "bes": 1.1379310342590967,
    "n_folds": 12,
    "n_epochs": 228
  },
  "S093": {
    "acc_gt": 0.4888888888888889,
    "acc_pred": 0.6333333333333333,
    "bes": 1.295454545189566,
    "n_folds": 12,
    "n_epochs": 180
  },
  "S094": {
    "acc_gt": 0.5166666666666667,
    "acc_pred": 0.65,
    "bes": 1.2580645158855357,
    "n_folds": 12,
    "n_epochs": 180
  },
  "S095": {
    "acc_gt": 0.4777777777777778,
    "acc_pred": 0.5166666666666667,
    "bes": 1.0813953486108707,
    "n_folds": 12,
    "n_epochs": 180
  },
  "S096": {
    "acc_gt": 0.5055555555555555,
    "acc_pred": 0.5,
    "bes": 0.9890109888153605,
    "n_folds": 12,
    "n_epochs": 180
  },
  "S097": {
    "acc_gt": 0.5277777777777778,
    "acc_pred": 0.5777777777777778,
    "bes": 1.0947368418978394,
    "n_folds": 12,
    "n_epochs": 180
  },
  "S098": {
    "acc_gt": 0.49444444444444446,
    "acc_pred": 0.4777777777777778,
    "bes": 0.9662921346360308,
    "n_folds": 12,
    "n_epochs": 180
  },
  "S099": {
    "acc_gt": 0.48333333333333334,
    "acc_pred": 0.461111111111111,
    "bes": 0.9540229883083629,
    "n_folds": 12,
    "n_epochs": 180
  },
  "S100": {
    "acc_gt": 0.576388888888889,
    "acc_pred": 0.5555555555555557,
    "bes": 0.963855421519524,
    "n_folds": 12,
    "n_epochs": 144
  },
  "S101": {
    "acc_gt": 0.4500000000000001,
    "acc_pred": 0.47222222222222227,
    "bes": 1.0493827158161864,
    "n_folds": 12,
    "n_epochs": 180
  },
  "S102": {
    "acc_gt": 0.5,
    "acc_pred": 0.6055555555555555,
    "bes": 1.2111111108688888,
    "n_folds": 12,
    "n_epochs": 180
  },
  "S103": {
    "acc_gt": 0.49444444444444446,
    "acc_pred": 0.48888888888888876,
    "bes": 0.9887640447438452,
    "n_folds": 12,
    "n_epochs": 180
  },
  "S104": {
    "acc_gt": 0.605982905982906,
    "acc_pred": 0.5504273504273504,
    "bes": 0.9083215795398113,
    "n_folds": 12,
    "n_epochs": 178
  },
  "S105": {
    "acc_gt": 0.5944444444444444,
    "acc_pred": 0.65,
    "bes": 1.0934579437412875,
    "n_folds": 12,
    "n_epochs": 180
  },
  "S106": {
    "acc_gt": 0.5513888888888889,
    "acc_pred": 0.5402777777777779,
    "bes": 0.9798488663210351,
    "n_folds": 12,
    "n_epochs": 169
  },
  "S107": {
    "acc_gt": 0.5277777777777778,
    "acc_pred": 0.4888888888888889,
    "bes": 0.9263157892981717,
    "n_folds": 12,
    "n_epochs": 180
  },
  "S108": {
    "acc_gt": 0.5444444444444444,
    "acc_pred": 0.5277777777777778,
    "bes": 0.9693877549239901,
    "n_folds": 12,
    "n_epochs": 180
  },
  "S109": {
    "acc_gt": 0.5444444444444445,
    "acc_pred": 0.5499999999999999,
    "bes": 1.0102040814471052,
    "n_folds": 12,
    "n_epochs": 180
  }
}