{
  "bes_mean": 1.0558618115739,
  "bes_std": 0.12394280203147073,
  "n": 22
}