{
  "mse_mean_mean": 3.4378891164742413e-09,
  "mse_mean_std": 1.0165471476411221e-08,
  "pearson_mean_mean": 0.7043089568659305,
  "pearson_mean_std": 0.20594274207187468,
  "pearson_std_mean": 0.1387947056242808,
  "pearson_std_std": 0.13915422108495923,
  "mse_T7_mean": 1.8949193474902378e-09,
  "mse_T7_std": 2.0437924188147297e-09,
  "pearson_T7_mean": 0.6864157978789922,
  "pearson_T7_std": 0.1631789289236604,
  "mse_T8_mean": 5.4462871726666275e-09,
  "mse_T8_std": 1.757192839720997e-08,
  "pearson_T8_mean": 0.6191286047809479,
  "pearson_T8_std": 0.2142145595788873,
  "mse_FC5_mean": 1.095982419495677e-09,
  "mse_FC5_std": 9.558826066452506e-10,
  "pearson_FC5_mean": 0.6913475687760424,
  "pearson_FC5_std": 0.4338187539804791,
  "mse_FC6_mean": 5.314367526244424e-09,
  "mse_FC6_std": 2.1085455420259178e-08,
  "pearson_FC6_mean": 0.8203438560277397,
  "pearson_FC6_std": 0.2055218179627511,
  "delta_T7_ratio_mean": 1.9954335854261822,
  "delta_T7_ratio_std": 0.9725196946379936,
  "delta_T8_ratio_mean": 3.8822760330493433,
  "delta_T8_ratio_std": 9.23406454769972,
  "delta_FC5_ratio_mean": 6.7561476761914285,
  "delta_FC5_ratio_std": 19.36919353890593,
  "delta_FC6_ratio_mean": 2.870044945542253,
  "delta_FC6_ratio_std": 7.852327196920146,
  "delta_mean_ratio_mean": 3.875975560052302,
  "delta_mean_ratio_std": 6.3334168428125075,
  "delta_std_ratio_mean": 3.6384389733048406,
  "delta_std_ratio_std": 8.978872155615875,
  "theta_T7_ratio_mean": 2.559743898035971,
  "theta_T7_ratio_std": 4.067990604627052,
  "theta_T8_ratio_mean": 14.814946644774238,
  "theta_T8_ratio_std": 58.47747916259734,
  "theta_FC5_ratio_mean": 3.2897516978137005,
  "theta_FC5_ratio_std": 6.920530740547572,
  "theta_FC6_ratio_mean": 11.843961929245989,
  "theta_FC6_ratio_std": 48.88768877113525,
  "theta_mean_ratio_mean": 8.127101042467475,
  "theta_mean_ratio_std": 27.77107044539387,
  "theta_std_ratio_mean": 6.992903431505994,
  "theta_std_ratio_std": 26.011869960903578,
  "alpha_T7_ratio_mean": 2.332270014453306,
  "alpha_T7_ratio_std": 3.4595162417394074,
  "alpha_T8_ratio_mean": 13.521452451172404,
  "alpha_T8_ratio_std": 51.50498238555745,
  "alpha_FC5_ratio_mean": 2.60151563922915,
  "alpha_FC5_ratio_std": 4.564057370031504,
  "alpha_FC6_ratio_mean": 11.901120657091694,
  "alpha_FC6_ratio_std": 48.70578736660177,
  "alpha_mean_ratio_mean": 7.589089690486637,
  "alpha_mean_ratio_std": 25.858167777090678,
  "alpha_std_ratio_mean": 6.2813682350037165,
  "alpha_std_ratio_std": 24.143895098336493,
  "beta_T7_ratio_mean": 1.5471423803582454,
  "beta_T7_ratio_std": 2.4211930443064764,
  "beta_T8_ratio_mean": 10.57738203819561,
  "beta_T8_ratio_std": 43.14987212977516,
  "beta_FC5_ratio_mean": 1.4083507475466874,
  "beta_FC5_ratio_std": 1.522857813945012,
  "beta_FC6_ratio_mean": 10.244890554832393,
  "beta_FC6_ratio_std": 42.76759053911597,
  "beta_mean_ratio_mean": 5.944441430233234,
  "beta_mean_ratio_std": 22.080641224963163,
  "beta_std_ratio_mean": 4.942986574963807,
  "beta_std_ratio_std": 20.80311613220012,
  "gamma_T7_ratio_mean": 0.9524308547345703,
  "gamma_T7_ratio_std": 1.5268778685682116,
  "gamma_T8_ratio_mean": 4.847510392884775,
  "gamma_T8_ratio_std": 19.288539542467863,
  "gamma_FC5_ratio_mean": 0.8579249524544725,
  "gamma_FC5_ratio_std": 0.9794275579175074,
  "gamma_FC6_ratio_mean": 5.101797962850745,
  "gamma_FC6_ratio_std": 20.799897134836705,
  "gamma_mean_ratio_mean": 2.9399160407311413,
  "gamma_mean_ratio_std": 10.406352309781655,
  "gamma_std_ratio_mean": 2.3615766496058166,
  "gamma_std_ratio_std": 9.605918697769047,
  "plv_F3_C3_pred_mean": NaN,
  "plv_F3_C3_pred_std": NaN,
  "plv_F3_C3_gt_mean": NaN,
  "plv_F3_C3_gt_std": NaN,
  "plv_F3_C3_ratio_mean": NaN,
  "plv_F3_C3_ratio_std": NaN,
  "plv_F4_C4_pred_mean": NaN,
  "plv_F4_C4_pred_std": NaN,
  "plv_F4_C4_gt_mean": NaN,
  "plv_F4_C4_gt_std": NaN,
  "plv_F4_C4_ratio_mean": NaN,
  "plv_F4_C4_ratio_std": NaN,
  "bes_mean": 1.082901072812926,
  "bes_std": 0.13961662331565383
}