{
  "S088": {
    "acc_gt": 0.44298245614035087,
    "acc_pred": 0.44736842105263147,
    "bes": 1.009900989871032,
    "n_folds": 12,
    "n_epochs": 228
  },
  "S089": {
    "acc_gt": 0.527922077922078,
    "acc_pred": 0.5928571428571427,
    "bes": 1.1230012297995786,
    "n_folds": 14,
    "n_epochs": 189
  },
  "S090": {
    "acc_gt": 0.5166666666666667,
    "acc_pred": 0.5166666666666666,
    "bes": 0.9999999998064514,
    "n_folds": 12,
    "n_epochs": 180
  },
  "S091": {
    "acc_gt": 0.44999999999999996,
    "acc_pred": 0.4833333333333334,
    "bes": 1.074074073835391,
    "n_folds": 12,
    "n_epochs": 180
  },
  "S092": {
    "acc_gt": 0.5526315789473685,
    "acc_pred": 0.4561403508771929,
    "bes": 0.8253968252474676,
    "n_folds": 12,
    "n_epochs": 228
  },
  "S093": {
    "acc_gt": 0.6555555555555556,
    "acc_pred": 0.49444444444444446,
    "bes": 0.7542372880205401,
    "n_folds": 12,
    "n_epochs": 180
  },
  "S094": {
    "acc_gt": 0.6666666666666666,
    "acc_pred": 0.5333333333333333,
    "bes": 0.79999999988,
    "n_folds": 12,
    "n_epochs": 180
  },
  "S095": {
    "acc_gt": 0.5666666666666667,
    "acc_pred": 0.5000000000000001,
    "bes": 0.8823529410207614,
    "n_folds": 12,
    "n_epochs": 180
  },
  "S096": {
    "acc_gt": 0.5166666666666667,
    "acc_pred": 0.5055555555555556,
    "bes": 0.9784946234665279,
    "n_folds": 12,
    "n_epochs": 180
  },
  "S097": {
    "acc_gt": 0.5611111111111111,
    "acc_pred": 0.47222222222222215,
    "bes": 0.8415841582658562,
    "n_folds": 12,
    "n_epochs": 180
  },
  "S098": {
    "acc_gt": 0.5555555555555555,
    "acc_pred": 0.4166666666666667,
    "bes": 0.7499999998650001,
    "n_folds": 12,
    "n_epochs": 180
  },
  "S099": {
    "acc_gt": 0.4611111111111112,
    "acc_pred": 0.5333333333333333,
    "bes": 1.1566265057732614,
    "n_folds": 12,
    "n_epochs": 180
  },
  "S100": {
    "acc_gt": 0.5208333333333334,
    "acc_pred": 0.6388888888888888,
    "bes": 1.2266666664311465,
    "n_folds": 12,
    "n_epochs": 144
  },
  "S101": {
    "acc_gt": 0.43333333333333335,
    "acc_pred": 0.5666666666666667,
    "bes": 1.3076923073905324,
    "n_folds": 12,
    "n_epochs": 180
  },
  "S102": {
    "acc_gt": 0.5944444444444444,
    "acc_pred": 0.5166666666666666,
    "bes": 0.8691588783584592,
    "n_folds": 12,
    "n_epochs": 180
  },
  "S103": {
    "acc_gt": 0.4944444444444445,
    "acc_pred": 0.5388888888888889,
    "bes": 1.0898876402290112,
    "n_folds": 12,
    "n_epochs": 180
  },
  "S104": {
    "acc_gt": 0.5688034188034189,
    "acc_pred": 0.45042735042735044,
    "bes": 0.7918858000110433,
    "n_folds": 12,
    "n_epochs": 178
  },
  "S105": {
    "acc_gt": 0.6388888888888888,
    "acc_pred": 0.6499999999999999,
    "bes": 1.0173913041885823,
    "n_folds": 12,
    "n_epochs": 180
  },
  "S106": {
    "acc_gt": 0.5777777777777778,
    "acc_pred": 0.44722222222222224,
    "bes": 0.7740384614044933,
    "n_folds": 12,
    "n_epochs": 169
  },
  "S107": {
    "acc_gt": 0.4944444444444444,
    "acc_pred": 0.4888888888888889,
    "bes": 0.9887640447438455,
    "n_folds": 12,
    "n_epochs": 180
  },
  "S108": {
    "acc_gt": 0.4888888888888889,
    "acc_pred": 0.5277777777777779,
    "bes": 1.0795454543246388,
    "n_folds": 12,
    "n_epochs": 180
  },
  "S109": {
    "acc_gt": 0.5888888888888889,
    "acc_pred": 0.4833333333333334,
    "bes": 0.8207547168417587,
    "n_folds": 12,
    "n_epochs": 180
  }
}