{
  "bes_mean": 0.961884268580699,
  "bes_std": 0.1581965905933173,
  "n": 22
}