{
  "mse_mean_mean": 2.3250823346551796e-09,
  "mse_mean_std": 2.4080665345061826e-09,
  "pearson_mean_mean": 0.5494346430706021,
  "pearson_mean_std": 0.12142555380635973,
  "pearson_std_mean": 0.08180151903825585,
  "pearson_std_std": 0.0480211320910813,
  "mse_C3_mean": 2.0794798462681795e-09,
  "mse_C3_std": 1.3583711641908059e-09,
  "pearson_C3_mean": 0.6311955868435853,
  "pearson_C3_std": 0.1040125960396663,
  "mse_C4_mean": 3.839380883089183e-09,
  "mse_C4_std": 9.134111703437754e-09,
  "pearson_C4_mean": 0.5944579324248855,
  "pearson_C4_std": 0.17157843809094114,
  "mse_P3_mean": 1.7405494487827274e-09,
  "mse_P3_std": 1.1561912214269467e-09,
  "pearson_P3_mean": 0.49965324271456885,
  "pearson_P3_std": 0.13423471853092675,
  "mse_P4_mean": 1.6409191604806262e-09,
  "mse_P4_std": 1.127950362585438e-09,
  "pearson_P4_mean": 0.4724318102993685,
  "pearson_P4_std": 0.1398943109886172,
  "delta_C3_ratio_mean": 0.0015407312735696203,
  "delta_C3_ratio_std": 0.0009324627664576686,
  "delta_C4_ratio_mean": 0.0014808506127030436,
  "delta_C4_ratio_std": 0.0009857820584596355,
  "delta_P3_ratio_mean": 0.0010374344255520021,
  "delta_P3_ratio_std": 0.0009103583185262861,
  "delta_P4_ratio_mean": 0.0009591956004372268,
  "delta_P4_ratio_std": 0.0008174927505151047,
  "delta_mean_ratio_mean": 0.0012545529780654732,
  "delta_mean_ratio_std": 0.0008799764476047823,
  "delta_std_ratio_mean": 0.0003227265437444598,
  "delta_std_ratio_std": 0.0001514438377627599,
  "theta_C3_ratio_mean": 0.0009410022859123727,
  "theta_C3_ratio_std": 0.0008975257261947623,
  "theta_C4_ratio_mean": 0.0009505955103345886,
  "theta_C4_ratio_std": 0.0009799568273401976,
  "theta_P3_ratio_mean": 0.0005778029519538807,
  "theta_P3_ratio_std": 0.0007057053787383076,
  "theta_P4_ratio_mean": 0.0005583916336645788,
  "theta_P4_ratio_std": 0.0006933934228345438,
  "theta_mean_ratio_mean": 0.0007569480954663553,
  "theta_mean_ratio_std": 0.0008103221760826443,
  "theta_std_ratio_mean": 0.00020807014529574717,
  "theta_std_ratio_std": 0.0001482518066136945,
  "alpha_C3_ratio_mean": 0.00026023655156365966,
  "alpha_C3_ratio_std": 0.00011309544868622674,
  "alpha_C4_ratio_mean": 0.00025481640398120374,
  "alpha_C4_ratio_std": 0.0001535899698921359,
  "alpha_P3_ratio_mean": 0.00010530751676820073,
  "alpha_P3_ratio_std": 5.637468722763366e-05,
  "alpha_P4_ratio_mean": 9.985613515808644e-05,
  "alpha_P4_ratio_std": 5.9188774227323586e-05,
  "alpha_mean_ratio_mean": 0.00018005415186778765,
  "alpha_mean_ratio_std": 9.170863899387144e-05,
  "alpha_std_ratio_mean": 8.323785838730834e-05,
  "alpha_std_ratio_std": 3.78919730432327e-05,
  "beta_C3_ratio_mean": 0.00034416264827372844,
  "beta_C3_ratio_std": 0.00023091660427146767,
  "beta_C4_ratio_mean": 0.0003748504794851049,
  "beta_C4_ratio_std": 0.0003319958895445317,
  "beta_P3_ratio_mean": 0.0001603059145992616,
  "beta_P3_ratio_std": 0.0001132921477660723,
  "beta_P4_ratio_mean": 0.0001672386592033799,
  "beta_P4_ratio_std": 0.00014101629484844147,
  "beta_mean_ratio_mean": 0.0002616394253903687,
  "beta_mean_ratio_std": 0.00020209058042169198,
  "beta_std_ratio_mean": 0.00010549821300909619,
  "beta_std_ratio_std": 8.244598616374036e-05,
  "gamma_C3_ratio_mean": 0.0005943935308643324,
  "gamma_C3_ratio_std": 0.0007715835939025732,
  "gamma_C4_ratio_mean": 0.0006333725553803475,
  "gamma_C4_ratio_std": 0.000887239902339542,
  "gamma_P3_ratio_mean": 0.0003157013316089909,
  "gamma_P3_ratio_std": 0.00037793578823355604,
  "gamma_P4_ratio_mean": 0.0003020536948841711,
  "gamma_P4_ratio_std": 0.00037437318930197855,
  "gamma_mean_ratio_mean": 0.00046138027818446044,
  "gamma_mean_ratio_std": 0.0005999220600980666,
  "gamma_std_ratio_mean": 0.00016359745327074513,
  "gamma_std_ratio_std": 0.000230610817378547,
  "plv_F3_C3_pred_mean": NaN,
  "plv_F3_C3_pred_std": NaN,
  "plv_F3_C3_gt_mean": NaN,
  "plv_F3_C3_gt_std": NaN,
  "plv_F3_C3_ratio_mean": NaN,
  "plv_F3_C3_ratio_std": NaN,
  "plv_F4_C4_pred_mean": NaN,
  "plv_F4_C4_pred_std": NaN,
  "plv_F4_C4_gt_mean": NaN,
  "plv_F4_C4_gt_std": NaN,
  "plv_F4_C4_ratio_mean": NaN,
  "plv_F4_C4_ratio_std": NaN,
  "bes_mean": 0.9452419032913345,
  "bes_std": 0.10235481883259387
}