{
  "S088": {
    "acc_gt": 0.56,
    "acc_pred": 0.48,
    "bes": 0.8571428569897958
  },
  "S089": {
    "acc_gt": 0.5599999999999999,
    "acc_pred": 0.5700000000000001,
    "bes": 1.0178571426753829
  },
  "S090": {
    "acc_gt": 0.5700000000000001,
    "acc_pred": 0.8099999999999999,
    "bes": 1.4210526313296397
  },
  "S091": {
    "acc_gt": 0.9099999999999999,
    "acc_pred": 0.82,
    "bes": 0.9010989009998792
  },
  "S092": {
    "acc_gt": 0.34,
    "acc_pred": 0.6333333333333333,
    "bes": 1.8627450974913493
  },
  "S093": {
    "acc_gt": 0.62,
    "acc_pred": 0.67,
    "bes": 1.080645161116025
  },
  "S094": {
    "acc_gt": 0.5900000000000001,
    "acc_pred": 0.67,
    "bes": 1.1355932201465095
  },
  "S095": {
    "acc_gt": 0.37,
    "acc_pred": 0.63,
    "bes": 1.7027027022425127
  },
  "S096": {
    "acc_gt": 0.39,
    "acc_pred": 0.52,
    "bes": 1.333333332991453
  },
  "S097": {
    "acc_gt": 0.7,
    "acc_pred": 0.77,
    "bes": 1.0999999998428571
  },
  "S098": {
    "acc_gt": 0.71,
    "acc_pred": 0.75,
    "bes": 1.0563380280202341
  },
  "S099": {
    "acc_gt": 0.61,
    "acc_pred": 0.5700000000000001,
    "bes": 0.9344262293550122
  },
  "S100": {
    "acc_gt": 0.6166666666666667,
    "acc_pred": 0.39999999999999997,
    "bes": 0.6486486485434623
  },
  "S101": {
    "acc_gt": 0.47000000000000003,
    "acc_pred": 0.48,
    "bes": 1.021276595527388
  },
  "S102": {
    "acc_gt": 0.45999999999999996,
    "acc_pred": 0.38,
    "bes": 0.8260869563421551
  },
  "S103": {
    "acc_gt": 0.6599999999999999,
    "acc_pred": 0.5599999999999999,
    "bes": 0.8484848483562902
  },
  "S104": {
    "acc_gt": 0.47000000000000003,
    "acc_pred": 0.48,
    "bes": 1.021276595527388
  },
  "S105": {
    "acc_gt": 0.75,
    "acc_pred": 0.53,
    "bes": 0.7066666665724445
  },
  "S106": {
    "acc_gt": 0.42000000000000004,
    "acc_pred": 0.32999999999999996,
    "bes": 0.7857142855272107
  },
  "S107": {
    "error": "recon_fif_missing"
  },
  "S108": {
    "error": "recon_fif_missing"
  },
  "S109": {
    "error": "recon_fif_missing"
  }
}