{
  "mse_mean_mean": 1.8701634939211613e-09,
  "mse_mean_std": 2.218424726148907e-09,
  "pearson_mean_mean": 0.646930420466318,
  "pearson_mean_std": 0.08618426365200511,
  "pearson_std_mean": 0.12310348754176577,
  "pearson_std_std": 0.04145045477996778,
  "mse_C3_mean": 1.2373535930930621e-09,
  "mse_C3_std": 1.3805132665412767e-09,
  "pearson_C3_mean": 0.77317167753313,
  "pearson_C3_std": 0.06957878587619332,
  "mse_C4_mean": 1.3087860318815812e-09,
  "mse_C4_std": 1.6670541339181117e-09,
  "pearson_C4_mean": 0.7592709392757048,
  "pearson_C4_std": 0.0636859434678127,
  "mse_P3_mean": 2.296906259841232e-09,
  "mse_P3_std": 2.765757042710391e-09,
  "pearson_P3_mean": 0.5540717294525322,
  "pearson_P3_std": 0.11556875481887577,
  "mse_P4_mean": 2.637608090868768e-09,
  "mse_P4_std": 3.09349969919532e-09,
  "pearson_P4_mean": 0.5012073356039041,
  "pearson_P4_std": 0.12858032333931033,
  "delta_C3_ratio_mean": 1.6433124193891444,
  "delta_C3_ratio_std": 1.1193398592721358,
  "delta_C4_ratio_mean": 1.8779347221128349,
  "delta_C4_ratio_std": 1.3168778364379377,
  "delta_P3_ratio_mean": 2.837172292676573,
  "delta_P3_ratio_std": 3.4602566481111636,
  "delta_P4_ratio_mean": 3.293916679873073,
  "delta_P4_ratio_std": 3.9558389579746103,
  "delta_mean_ratio_mean": 2.4130840285129063,
  "delta_mean_ratio_std": 2.4355672048960053,
  "delta_std_ratio_mean": 0.7404798155601702,
  "delta_std_ratio_std": 1.276967613868214,
  "theta_C3_ratio_mean": 1.3501936962256578,
  "theta_C3_ratio_std": 0.966039092912269,
  "theta_C4_ratio_mean": 1.5921070362970549,
  "theta_C4_ratio_std": 1.281254977888095,
  "theta_P3_ratio_mean": 1.8981324783261784,
  "theta_P3_ratio_std": 2.3364722382407486,
  "theta_P4_ratio_mean": 2.2066279443306316,
  "theta_P4_ratio_std": 2.8294687482450525,
  "theta_mean_ratio_mean": 1.761765288794881,
  "theta_mean_ratio_std": 1.8389439932371927,
  "theta_std_ratio_mean": 0.40383511345810613,
  "theta_std_ratio_std": 0.7542089265225198,
  "alpha_C3_ratio_mean": 0.7176780761843977,
  "alpha_C3_ratio_std": 0.25073251244183176,
  "alpha_C4_ratio_mean": 0.7833935543463786,
  "alpha_C4_ratio_std": 0.3264653865803336,
  "alpha_P3_ratio_mean": 0.5344345550744893,
  "alpha_P3_ratio_std": 0.25896305188342034,
  "alpha_P4_ratio_mean": 0.5596622535871036,
  "alpha_P4_ratio_std": 0.2609750085623333,
  "alpha_mean_ratio_mean": 0.6487921097980923,
  "alpha_mean_ratio_std": 0.25576920293616895,
  "alpha_std_ratio_mean": 0.13076973096734784,
  "alpha_std_ratio_std": 0.0678720022613081,
  "beta_C3_ratio_mean": 0.5550524732660463,
  "beta_C3_ratio_std": 0.14508301656920106,
  "beta_C4_ratio_mean": 0.6291003158343705,
  "beta_C4_ratio_std": 0.20827826048794182,
  "beta_P3_ratio_mean": 0.48465652150175037,
  "beta_P3_ratio_std": 0.1601526617261595,
  "beta_P4_ratio_mean": 0.6036007850525099,
  "beta_P4_ratio_std": 0.22056676608072556,
  "beta_mean_ratio_mean": 0.5681025239136693,
  "beta_mean_ratio_std": 0.17112551275116883,
  "beta_std_ratio_mean": 0.07827286928381769,
  "beta_std_ratio_std": 0.04795714865485373,
  "gamma_C3_ratio_mean": 0.3584606900239047,
  "gamma_C3_ratio_std": 0.1504680581269711,
  "gamma_C4_ratio_mean": 0.35497180369272335,
  "gamma_C4_ratio_std": 0.13634483539707973,
  "gamma_P3_ratio_mean": 0.35348975337230215,
  "gamma_P3_ratio_std": 0.17433598706090525,
  "gamma_P4_ratio_mean": 0.4486168878486289,
  "gamma_P4_ratio_std": 0.19108834777462894,
  "gamma_mean_ratio_mean": 0.3788847837343898,
  "gamma_mean_ratio_std": 0.1521682682121135,
  "gamma_std_ratio_mean": 0.06094027122131376,
  "gamma_std_ratio_std": 0.04230602142884119,
  "plv_F3_C3_pred_mean": NaN,
  "plv_F3_C3_pred_std": NaN,
  "plv_F3_C3_gt_mean": NaN,
  "plv_F3_C3_gt_std": NaN,
  "plv_F3_C3_ratio_mean": NaN,
  "plv_F3_C3_ratio_std": NaN,
  "plv_F4_C4_pred_mean": NaN,
  "plv_F4_C4_pred_std": NaN,
  "plv_F4_C4_gt_mean": NaN,
  "plv_F4_C4_gt_std": NaN,
  "plv_F4_C4_ratio_mean": NaN,
  "plv_F4_C4_ratio_std": NaN
}