{
  "S088": {
    "acc_gt": 0.44298245614035087,
    "acc_pred": 0.5175438596491229,
    "bes": 1.1683168314194297,
    "n_folds": 12,
    "n_epochs": 228
  },
  "S089": {
    "acc_gt": 0.527922077922078,
    "acc_pred": 0.5818181818181819,
    "bes": 1.102091020701449,
    "n_folds": 14,
    "n_epochs": 189
  },
  "S090": {
    "acc_gt": 0.5166666666666667,
    "acc_pred": 0.5055555555555554,
    "bes": 0.9784946234665276,
    "n_folds": 12,
    "n_epochs": 180
  },
  "S091": {
    "acc_gt": 0.44999999999999996,
    "acc_pred": 0.5555555555555556,
    "bes": 1.2345679009602197,
    "n_folds": 12,
    "n_epochs": 180
  },
  "S092": {
    "acc_gt": 0.5526315789473685,
    "acc_pred": 0.513157894736842,
    "bes": 0.9285714284034011,
    "n_folds": 12,
    "n_epochs": 228
  },
  "S093": {
    "acc_gt": 0.6555555555555556,
    "acc_pred": 0.49444444444444446,
    "bes": 0.7542372880205401,
    "n_folds": 12,
    "n_epochs": 180
  },
  "S094": {
    "acc_gt": 0.6666666666666666,
    "acc_pred": 0.5722222222222223,
    "bes": 0.8583333332045835,
    "n_folds": 12,
    "n_epochs": 180
  },
  "S095": {
    "acc_gt": 0.5666666666666667,
    "acc_pred": 0.4888888888888889,
    "bes": 0.8627450978869665,
    "n_folds": 12,
    "n_epochs": 180
  },
  "S096": {
    "acc_gt": 0.5166666666666667,
    "acc_pred": 0.5277777777777778,
    "bes": 1.0215053761463753,
    "n_folds": 12,
    "n_epochs": 180
  },
  "S097": {
    "acc_gt": 0.5611111111111111,
    "acc_pred": 0.46666666666666673,
    "bes": 0.831683168168611,
    "n_folds": 12,
    "n_epochs": 180
  },
  "S098": {
    "acc_gt": 0.5555555555555555,
    "acc_pred": 0.5222222222222223,
    "bes": 0.9399999998308002,
    "n_folds": 12,
    "n_epochs": 180
  },
  "S099": {
    "acc_gt": 0.4611111111111112,
    "acc_pred": 0.48888888888888893,
    "bes": 1.0602409636254897,
    "n_folds": 12,
    "n_epochs": 180
  },
  "S100": {
    "acc_gt": 0.5208333333333334,
    "acc_pred": 0.5416666666666666,
    "bes": 1.0399999998003198,
    "n_folds": 12,
    "n_epochs": 144
  },
  "S101": {
    "acc_gt": 0.43333333333333335,
    "acc_pred": 0.5777777777777778,
    "bes": 1.3333333330256412,
    "n_folds": 12,
    "n_epochs": 180
  },
  "S102": {
    "acc_gt": 0.5944444444444444,
    "acc_pred": 0.4444444444444445,
    "bes": 0.7476635512760941,
    "n_folds": 12,
    "n_epochs": 180
  },
  "S103": {
    "acc_gt": 0.4944444444444445,
    "acc_pred": 0.5277777777777778,
    "bes": 1.0674157301211966,
    "n_folds": 12,
    "n_epochs": 180
  },
  "S104": {
    "acc_gt": 0.5688034188034189,
    "acc_pred": 0.5076923076923078,
    "bes": 0.8925619833141551,
    "n_folds": 12,
    "n_epochs": 178
  },
  "S105": {
    "acc_gt": 0.6388888888888888,
    "acc_pred": 0.5111111111111112,
    "bes": 0.7999999998747828,
    "n_folds": 12,
    "n_epochs": 180
  },
  "S106": {
    "acc_gt": 0.5777777777777778,
    "acc_pred": 0.5583333333333332,
    "bes": 0.9663461536789013,
    "n_folds": 12,
    "n_epochs": 169
  },
  "S107": {
    "acc_gt": 0.4944444444444444,
    "acc_pred": 0.48888888888888893,
    "bes": 0.9887640447438456,
    "n_folds": 12,
    "n_epochs": 180
  },
  "S108": {
    "acc_gt": 0.4888888888888889,
    "acc_pred": 0.55,
    "bes": 1.1249999997698865,
    "n_folds": 12,
    "n_epochs": 180
  },
  "S109": {
    "acc_gt": 0.5888888888888889,
    "acc_pred": 0.5166666666666667,
    "bes": 0.8773584904170524,
    "n_folds": 12,
    "n_epochs": 180
  }
}