{
  "bes_mean": 0.9808741053571031,
  "bes_std": 0.1493956312739749,
  "n": 22
}