{
  "mse_mean_mean": 2.2877247739812207e-09,
  "mse_mean_std": 2.4034056267622768e-09,
  "pearson_mean_mean": 0.6727231671030742,
  "pearson_mean_std": 0.10475417194008638,
  "pearson_std_mean": 0.10103977356727993,
  "pearson_std_std": 0.054182593096601464,
  "mse_C3_mean": 2.0255201783420135e-09,
  "mse_C3_std": 1.3199672267503188e-09,
  "pearson_C3_mean": 0.7703578587597963,
  "pearson_C3_std": 0.06373934252977924,
  "mse_C4_mean": 3.792092763294882e-09,
  "mse_C4_std": 9.14098362286564e-09,
  "pearson_C4_mean": 0.7403920995104003,
  "pearson_C4_std": 0.18281937117359714,
  "mse_P3_mean": 1.7159304091334574e-09,
  "mse_P3_std": 1.1443620325900854e-09,
  "pearson_P3_mean": 0.596424131780966,
  "pearson_P3_std": 0.12346407230859817,
  "mse_P4_mean": 1.617355745154529e-09,
  "mse_P4_std": 1.1160589774373272e-09,
  "pearson_P4_mean": 0.5837185783611345,
  "pearson_P4_std": 0.1260512699439864,
  "delta_C3_ratio_mean": 0.0024640285675172906,
  "delta_C3_ratio_std": 0.001403723904990899,
  "delta_C4_ratio_mean": 0.002439444614618551,
  "delta_C4_ratio_std": 0.0015797549034016322,
  "delta_P3_ratio_mean": 0.00181038719010452,
  "delta_P3_ratio_std": 0.0016216130057136232,
  "delta_P4_ratio_mean": 0.0016805891735190968,
  "delta_P4_ratio_std": 0.0014751418600643163,
  "delta_mean_ratio_mean": 0.0020986123864398646,
  "delta_mean_ratio_std": 0.0014745646291611264,
  "delta_std_ratio_mean": 0.0004892578217792578,
  "delta_std_ratio_std": 0.00017634846214136177,
  "theta_C3_ratio_mean": 0.0016213400386277353,
  "theta_C3_ratio_std": 0.0012113316847252782,
  "theta_C4_ratio_mean": 0.001691063982031027,
  "theta_C4_ratio_std": 0.0013937845604507378,
  "theta_P3_ratio_mean": 0.0010421309659158031,
  "theta_P3_ratio_std": 0.001102099828070318,
  "theta_P4_ratio_mean": 0.001020398646824709,
  "theta_P4_ratio_std": 0.0010888217686248153,
  "theta_mean_ratio_mean": 0.0013437334083498188,
  "theta_mean_ratio_std": 0.0011846098931897946,
  "theta_std_ratio_mean": 0.00035064687208179385,
  "theta_std_ratio_std": 0.0001567759423024178,
  "alpha_C3_ratio_mean": 0.0006575549311366576,
  "alpha_C3_ratio_std": 0.00018573684254963345,
  "alpha_C4_ratio_mean": 0.0006650090261917809,
  "alpha_C4_ratio_std": 0.00029007012568027133,
  "alpha_P3_ratio_mean": 0.00026772065765272524,
  "alpha_P3_ratio_std": 0.0001111930367391717,
  "alpha_P4_ratio_mean": 0.000263022182415773,
  "alpha_P4_ratio_std": 0.00011894033702368794,
  "alpha_mean_ratio_mean": 0.00046332669934923425,
  "alpha_mean_ratio_std": 0.0001621359533898542,
  "alpha_std_ratio_mean": 0.0002133184100686549,
  "alpha_std_ratio_std": 6.0750086204993305e-05,
  "beta_C3_ratio_mean": 0.0005498519516679742,
  "beta_C3_ratio_std": 0.0001308429568547617,
  "beta_C4_ratio_mean": 0.000584966804680523,
  "beta_C4_ratio_std": 0.00023207797231203798,
  "beta_P3_ratio_mean": 0.0002597617108899169,
  "beta_P3_ratio_std": 7.680919339311537e-05,
  "beta_P4_ratio_mean": 0.00026949199313131396,
  "beta_P4_ratio_std": 9.713280025936811e-05,
  "beta_mean_ratio_mean": 0.00041601811509243194,
  "beta_mean_ratio_std": 0.00012553903335806954,
  "beta_std_ratio_mean": 0.0001640071200249821,
  "beta_std_ratio_std": 4.478304423201985e-05,
  "gamma_C3_ratio_mean": 0.0005077814460169553,
  "gamma_C3_ratio_std": 0.000260125852720851,
  "gamma_C4_ratio_mean": 0.0005165511185166124,
  "gamma_C4_ratio_std": 0.00031037950743763266,
  "gamma_P3_ratio_mean": 0.00028729450064125453,
  "gamma_P3_ratio_std": 0.00014249327261156686,
  "gamma_P4_ratio_mean": 0.00027502834164171315,
  "gamma_P4_ratio_std": 0.00013989909431381828,
  "gamma_mean_ratio_mean": 0.0003966638517041339,
  "gamma_mean_ratio_std": 0.0002064034488921621,
  "gamma_std_ratio_mean": 0.0001279106216274921,
  "gamma_std_ratio_std": 7.331417433077118e-05,
  "plv_F3_C3_pred_mean": NaN,
  "plv_F3_C3_pred_std": NaN,
  "plv_F3_C3_gt_mean": NaN,
  "plv_F3_C3_gt_std": NaN,
  "plv_F3_C3_ratio_mean": NaN,
  "plv_F3_C3_ratio_std": NaN,
  "plv_F4_C4_pred_mean": NaN,
  "plv_F4_C4_pred_std": NaN,
  "plv_F4_C4_gt_mean": NaN,
  "plv_F4_C4_gt_std": NaN,
  "plv_F4_C4_ratio_mean": NaN,
  "plv_F4_C4_ratio_std": NaN,
  "bes_mean": 0.9419954840738112,
  "bes_std": 0.11623125961456689
}