{
  "emotiv_epoc": {
    "pearson_mean__reve_vs_ssi": {
      "comparison": "reve vs ssi",
      "metric": "pearson_mean",
      "n": 22,
      "mean_a": 0.3881733094272875,
      "mean_b": 0.6727231671030742,
      "mean_diff": 0.2845498576757866,
      "ci_95_lo": 0.22098708633725855,
      "ci_95_hi": 0.3471111850197072,
      "wilcoxon_W": 1.0,
      "p_raw": 9.5367431640625e-07,
      "cliffs_delta": 0.859504132231405,
      "effect_size": "large",
      "p_adjusted": 7.62939453125e-06,
      "significant_05": true
    },
    "pearson_mean__zuna_vs_ssi": {
      "comparison": "zuna vs ssi",
      "metric": "pearson_mean",
      "n": 22,
      "mean_a": 0.3881733094272875,
      "mean_b": 0.6185736604070873,
      "mean_diff": 0.23040035097979966,
      "ci_95_lo": 0.16086715315830724,
      "ci_95_hi": 0.29555818347906265,
      "wilcoxon_W": 8.0,
      "p_raw": 1.1920928955078125e-05,
      "cliffs_delta": 0.8264462809917356,
      "effect_size": "large",
      "p_adjusted": 7.152557373046875e-05,
      "significant_05": true
    },
    "pearson_mean__zuna_vs_reve": {
      "comparison": "zuna vs reve",
      "metric": "pearson_mean",
      "n": 22,
      "mean_a": 0.6727231671030742,
      "mean_b": 0.6185736604070873,
      "mean_diff": -0.05414950669598693,
      "ci_95_lo": -0.07532236677604044,
      "ci_95_hi": -0.03377820000670658,
      "wilcoxon_W": 15.0,
      "p_raw": 6.532669067382812e-05,
      "cliffs_delta": -0.28512396694214875,
      "effect_size": "small",
      "p_adjusted": 0.0003266334533691406,
      "significant_05": true
    },
    "mse_mean__reve_vs_ssi": {
      "comparison": "reve vs ssi",
      "metric": "mse_mean",
      "n": 22,
      "mean_a": 1.0630667664715735e-08,
      "mean_b": 2.2877247739812207e-09,
      "mean_diff": -8.342942890734516e-09,
      "ci_95_lo": -1.180544475276969e-08,
      "ci_95_hi": -5.1761153432243525e-09,
      "wilcoxon_W": 5.0,
      "p_raw": 4.76837158203125e-06,
      "cliffs_delta": -0.5867768595041323,
      "effect_size": "large",
      "p_adjusted": 3.337860107421875e-05,
      "significant_05": true
    },
    "mse_mean__zuna_vs_ssi": {
      "comparison": "zuna vs ssi",
      "metric": "mse_mean",
      "n": 22,
      "mean_a": 1.0630667664715735e-08,
      "mean_b": 1.8859960643410287e-09,
      "mean_diff": -8.744671600374707e-09,
      "ci_95_lo": -1.2243641223423328e-08,
      "ci_95_hi": -5.660971631641446e-09,
      "wilcoxon_W": 0.0,
      "p_raw": 4.76837158203125e-07,
      "cliffs_delta": -0.6074380165289256,
      "effect_size": "large",
      "p_adjusted": 5.7220458984375e-06,
      "significant_05": true
    },
    "mse_mean__zuna_vs_reve": {
      "comparison": "zuna vs reve",
      "metric": "mse_mean",
      "n": 22,
      "mean_a": 2.2877247739812207e-09,
      "mean_b": 1.8859960643410287e-09,
      "mean_diff": -4.0172870964019175e-10,
      "ci_95_lo": -8.781211471333022e-10,
      "ci_95_hi": 7.043976131991947e-11,
      "wilcoxon_W": 63.0,
      "p_raw": 0.03907346725463867,
      "cliffs_delta": -0.30165289256198347,
      "effect_size": "small",
      "p_adjusted": 0.1562938690185547,
      "significant_05": false
    },
    "beta_mean_ratio__reve_vs_ssi": {
      "comparison": "reve vs ssi",
      "metric": "beta_mean_ratio",
      "n": 22,
      "mean_a": 10.81971979354945,
      "mean_b": 0.00041601811509243194,
      "mean_diff": -10.819303775434356,
      "ci_95_lo": -16.91627256514757,
      "ci_95_hi": -5.947342903250257,
      "wilcoxon_W": 0.0,
      "p_raw": 4.76837158203125e-07,
      "cliffs_delta": -1.0,
      "effect_size": "large",
      "p_adjusted": 5.7220458984375e-06,
      "significant_05": true
    },
    "beta_mean_ratio__zuna_vs_ssi": {
      "comparison": "zuna vs ssi",
      "metric": "beta_mean_ratio",
      "n": 22,
      "mean_a": 10.81971979354945,
      "mean_b": 0.39800099820057605,
      "mean_diff": -10.421718795348873,
      "ci_95_lo": -16.38156966289708,
      "ci_95_hi": -5.575984183545705,
      "wilcoxon_W": 0.0,
      "p_raw": 4.76837158203125e-07,
      "cliffs_delta": -1.0,
      "effect_size": "large",
      "p_adjusted": 5.7220458984375e-06,
      "significant_05": true
    },
    "beta_mean_ratio__zuna_vs_reve": {
      "comparison": "zuna vs reve",
      "metric": "beta_mean_ratio",
      "n": 22,
      "mean_a": 0.00041601811509243194,
      "mean_b": 0.39800099820057605,
      "mean_diff": 0.3975849800854835,
      "ci_95_lo": 0.34265753765314444,
      "ci_95_hi": 0.45181088426928256,
      "wilcoxon_W": 0.0,
      "p_raw": 4.76837158203125e-07,
      "cliffs_delta": 1.0,
      "effect_size": "large",
      "p_adjusted": 5.7220458984375e-06,
      "significant_05": true
    },
    "bes__reve_vs_ssi": {
      "comparison": "reve vs ssi",
      "metric": "bes",
      "n": 22,
      "mean_a": 0.9592034545699548,
      "mean_b": 0.9808741053571031,
      "mean_diff": 0.021670650787148207,
      "ci_95_lo": -0.011820997203422088,
      "ci_95_hi": 0.05488301744111023,
      "wilcoxon_W": 95.0,
      "p_raw": 0.32088327407836914,
      "cliffs_delta": 0.09917355371900827,
      "effect_size": "negligible",
      "p_adjusted": 0.9626498222351074,
      "significant_05": false
    },
    "bes__zuna_vs_ssi": {
      "n": 0,
      "error": "too few valid pairs",
      "p_adjusted": 1.0,
      "significant_05": false
    },
    "bes__zuna_vs_reve": {
      "n": 0,
      "error": "too few valid pairs",
      "p_adjusted": 1.0,
      "significant_05": false
    }
  },
  "muse_s": {
    "pearson_mean__reve_vs_ssi": {
      "comparison": "reve vs ssi",
      "metric": "pearson_mean",
      "n": 22,
      "mean_a": 0.5422856031607002,
      "mean_b": 0.5494346430706021,
      "mean_diff": 0.007149039909901857,
      "ci_95_lo": -0.019912040702557435,
      "ci_95_hi": 0.036657345542549596,
      "wilcoxon_W": 123.0,
      "p_raw": 0.9239659309387207,
      "cliffs_delta": 0.06611570247933884,
      "effect_size": "negligible",
      "p_adjusted": 1.0,
      "significant_05": false
    },
    "pearson_mean__zuna_vs_ssi": {
      "comparison": "zuna vs ssi",
      "metric": "pearson_mean",
      "n": 22,
      "mean_a": 0.5422856031607002,
      "mean_b": 0.44564707323546354,
      "mean_diff": -0.09663852992523658,
      "ci_95_lo": -0.20723955494744897,
      "ci_95_hi": -0.018563988502916542,
      "wilcoxon_W": 58.0,
      "p_raw": 0.02513885498046875,
      "cliffs_delta": -0.25206611570247933,
      "effect_size": "small",
      "p_adjusted": 0.1508331298828125,
      "significant_05": false
    },
    "pearson_mean__zuna_vs_reve": {
      "comparison": "zuna vs reve",
      "metric": "pearson_mean",
      "n": 22,
      "mean_a": 0.5494346430706021,
      "mean_b": 0.44564707323546354,
      "mean_diff": -0.10378756983513847,
      "ci_95_lo": -0.23030725811010475,
      "ci_95_hi": -0.020950518191281835,
      "wilcoxon_W": 54.0,
      "p_raw": 0.017200946807861328,
      "cliffs_delta": -0.3181818181818182,
      "effect_size": "small",
      "p_adjusted": 0.1204066276550293,
      "significant_05": false
    },
    "mse_mean__reve_vs_ssi": {
      "comparison": "reve vs ssi",
      "metric": "mse_mean",
      "n": 22,
      "mean_a": 2.5099271337154733e-09,
      "mean_b": 2.3250823346551796e-09,
      "mean_diff": -1.8484479906029373e-10,
      "ci_95_lo": -7.517182285819945e-10,
      "ci_95_hi": 4.071941056951217e-10,
      "wilcoxon_W": 100.0,
      "p_raw": 0.4060330390930176,
      "cliffs_delta": -0.03305785123966942,
      "effect_size": "negligible",
      "p_adjusted": 1.0,
      "significant_05": false
    },
    "mse_mean__zuna_vs_ssi": {
      "comparison": "zuna vs ssi",
      "metric": "mse_mean",
      "n": 22,
      "mean_a": 2.5099271337154733e-09,
      "mean_b": 1.6636369393385883e-09,
      "mean_diff": -8.46290194376885e-10,
      "ci_95_lo": -1.3521681232657136e-09,
      "ci_95_hi": -4.137779549471888e-10,
      "wilcoxon_W": 5.0,
      "p_raw": 4.76837158203125e-06,