{
  "S088": {
    "acc_gt": 0.5219298245614035,
    "acc_pred": 0.5,
    "bes": 0.9579831930937647,
    "n_folds": 12,
    "n_epochs": 228
  },
  "S089": {
    "acc_gt": 0.5008658008658009,
    "acc_pred": 0.5132034632034632,
    "bes": 1.024632670495514,
    "n_folds": 14,
    "n_epochs": 189
  },
  "S090": {
    "acc_gt": 0.47222222222222227,
    "acc_pred": 0.5444444444444445,
    "bes": 1.152941176226436,
    "n_folds": 12,
    "n_epochs": 180
  },
  "S091": {
    "acc_gt": 0.5111111111111111,
    "acc_pred": 0.44999999999999996,
    "bes": 0.8804347824364367,
    "n_folds": 12,
    "n_epochs": 180
  },
  "S092": {
    "acc_gt": 0.5087719298245613,
    "acc_pred": 0.49561403508771923,
    "bes": 0.9741379308430143,
    "n_folds": 12,
    "n_epochs": 228
  },
  "S093": {
    "acc_gt": 0.4888888888888889,
    "acc_pred": 0.5055555555555556,
    "bes": 1.0340909088793906,
    "n_folds": 12,
    "n_epochs": 180
  },
  "S094": {
    "acc_gt": 0.5166666666666667,
    "acc_pred": 0.5444444444444444,
    "bes": 1.0537634406562606,
    "n_folds": 12,
    "n_epochs": 180
  },
  "S095": {
    "acc_gt": 0.4777777777777778,
    "acc_pred": 0.5444444444444444,
    "bes": 1.1395348834824228,
    "n_folds": 12,
    "n_epochs": 180
  },
  "S096": {
    "acc_gt": 0.5055555555555555,
    "acc_pred": 0.5166666666666667,
    "bes": 1.0219780217758727,
    "n_folds": 12,
    "n_epochs": 180
  },
  "S097": {
    "acc_gt": 0.5277777777777778,
    "acc_pred": 0.5666666666666668,
    "bes": 1.073684210322881,
    "n_folds": 12,
    "n_epochs": 180
  },
  "S098": {
    "acc_gt": 0.49444444444444446,
    "acc_pred": 0.5000000000000001,
    "bes": 1.0112359548516603,
    "n_folds": 12,
    "n_epochs": 180
  },
  "S099": {
    "acc_gt": 0.48333333333333334,
    "acc_pred": 0.461111111111111,
    "bes": 0.9540229883083629,
    "n_folds": 12,
    "n_epochs": 180
  },
  "S100": {
    "acc_gt": 0.576388888888889,
    "acc_pred": 0.6250000000000001,
    "bes": 1.0843373492094643,
    "n_folds": 12,
    "n_epochs": 144
  },
  "S101": {
    "acc_gt": 0.4500000000000001,
    "acc_pred": 0.45,
    "bes": 0.9999999997777775,
    "n_folds": 12,
    "n_epochs": 180
  },
  "S102": {
    "acc_gt": 0.5,
    "acc_pred": 0.48888888888888893,
    "bes": 0.9777777775822223,
    "n_folds": 12,
    "n_epochs": 180
  },
  "S103": {
    "acc_gt": 0.49444444444444446,
    "acc_pred": 0.4277777777777778,
    "bes": 0.8651685391508648,
    "n_folds": 12,
    "n_epochs": 180
  },
  "S104": {
    "acc_gt": 0.605982905982906,
    "acc_pred": 0.4431623931623932,
    "bes": 0.7313117065083731,
    "n_folds": 12,
    "n_epochs": 178
  },
  "S105": {
    "acc_gt": 0.5944444444444444,
    "acc_pred": 0.5888888888888889,
    "bes": 0.9906542054408245,
    "n_folds": 12,
    "n_epochs": 180
  },
  "S106": {
    "acc_gt": 0.5513888888888889,
    "acc_pred": 0.5069444444444444,
    "bes": 0.9193954658282203,
    "n_folds": 12,
    "n_epochs": 169
  },
  "S107": {
    "acc_gt": 0.5277777777777778,
    "acc_pred": 0.5333333333333333,
    "bes": 1.0105263155980055,
    "n_folds": 12,
    "n_epochs": 180
  },
  "S108": {
    "acc_gt": 0.5444444444444444,
    "acc_pred": 0.5,
    "bes": 0.9183673467700959,
    "n_folds": 12,
    "n_epochs": 180
  },
  "S109": {
    "acc_gt": 0.5444444444444445,
    "acc_pred": 0.5944444444444444,
    "bes": 1.091836734493336,
    "n_folds": 12,
    "n_epochs": 180
  }
}