{
  "bes_mean": 0.9939916182605093,
  "bes_std": 0.09326928727967267,
  "n": 22
}