{
  "mse_mean_mean": 2.0503487237981182e-09,
  "mse_mean_std": 1.4641948115924433e-09,
  "pearson_mean_mean": 0.7249687344688895,
  "pearson_mean_std": 0.17069461378234155,
  "pearson_std_mean": 0.1247244455394258,
  "pearson_std_std": 0.1506629964035636,
  "mse_T7_mean": 1.9230514451297503e-09,
  "mse_T7_std": 1.327531601480901e-09,
  "pearson_T7_mean": 0.7224165122238847,
  "pearson_T7_std": 0.1347233666562268,
  "mse_T8_mean": 1.5759756333250745e-09,
  "mse_T8_std": 1.0997324888618375e-09,
  "pearson_T8_mean": 0.6831799400715381,
  "pearson_T8_std": 0.17241521569347473,
  "mse_FC5_mean": 2.443086555870209e-09,
  "mse_FC5_std": 2.1107257476345527e-09,
  "pearson_FC5_mean": 0.6768817061296862,
  "pearson_FC5_std": 0.43986969621069116,
  "mse_FC6_mean": 2.2592812608674386e-09,
  "mse_FC6_std": 1.7317609020913486e-09,
  "pearson_FC6_mean": 0.8173967794504485,
  "pearson_FC6_std": 0.1248913253969181,
  "delta_T7_ratio_mean": 0.0006549113970035415,
  "delta_T7_ratio_std": 0.00016537813778663322,
  "delta_T8_ratio_mean": 0.0005060963634821025,
  "delta_T8_ratio_std": 0.00012693943936611162,
  "delta_FC5_ratio_mean": 0.005527660777099965,
  "delta_FC5_ratio_std": 0.017591032614099004,
  "delta_FC6_ratio_mean": 0.0007726191362425468,
  "delta_FC6_ratio_std": 0.0001256564570494734,
  "delta_mean_ratio_mean": 0.001865321918457039,
  "delta_mean_ratio_std": 0.00439370370223961,
  "delta_std_ratio_mean": 0.0021849223778091583,
  "delta_std_ratio_std": 0.007601133508731508,
  "theta_T7_ratio_mean": 0.0006764672015840887,
  "theta_T7_ratio_std": 0.000249282318998377,
  "theta_T8_ratio_mean": 0.0007266486071970255,
  "theta_T8_ratio_std": 0.0002788473035605566,
  "theta_FC5_ratio_mean": 0.0027982757372293074,
  "theta_FC5_ratio_std": 0.006481450438855603,
  "theta_FC6_ratio_mean": 0.0010472936812770612,
  "theta_FC6_ratio_std": 0.0004825168484233377,
  "theta_mean_ratio_mean": 0.0013121713068218706,
  "theta_mean_ratio_std": 0.0016433148158637044,
  "theta_std_ratio_mean": 0.0009984741371250937,
  "theta_std_ratio_std": 0.0027666679473341955,
  "alpha_T7_ratio_mean": 0.0005969146231065752,
  "alpha_T7_ratio_std": 0.00023088307273893264,
  "alpha_T8_ratio_mean": 0.0007055342950245564,
  "alpha_T8_ratio_std": 0.00025473829086895816,
  "alpha_FC5_ratio_mean": 0.0020449088594314746,
  "alpha_FC5_ratio_std": 0.0030738634912488884,
  "alpha_FC6_ratio_mean": 0.0012064007443516795,
  "alpha_FC6_ratio_std": 0.00046038718669318314,
  "alpha_mean_ratio_mean": 0.0011384396304785715,
  "alpha_mean_ratio_std": 0.0008095357403530185,
  "alpha_std_ratio_mean": 0.000681621552861555,
  "alpha_std_ratio_std": 0.0012851000961783274,
  "beta_T7_ratio_mean": 0.00031616843659552473,
  "beta_T7_ratio_std": 0.00016277779106681342,
  "beta_T8_ratio_mean": 0.0003161708118599144,
  "beta_T8_ratio_std": 0.00023616386739644399,
  "beta_FC5_ratio_mean": 0.0009859974928497907,
  "beta_FC5_ratio_std": 0.0010114913639516017,
  "beta_FC6_ratio_mean": 0.0007253511187769103,
  "beta_FC6_ratio_std": 0.0004867358976101018,
  "beta_mean_ratio_mean": 0.0005859219650205349,
  "beta_mean_ratio_std": 0.0003918350903962003,
  "beta_std_ratio_mean": 0.00032774516676870117,
  "beta_std_ratio_std": 0.00039481756321412383,
  "gamma_T7_ratio_mean": 0.00015825626879570557,
  "gamma_T7_ratio_std": 0.00013250539047968753,
  "gamma_T8_ratio_mean": 0.00012257169381690045,
  "gamma_T8_ratio_std": 0.00013054409366100675,
  "gamma_FC5_ratio_mean": 0.00045597695077796344,
  "gamma_FC5_ratio_std": 0.0005078221818456143,
  "gamma_FC6_ratio_mean": 0.0003139111509977367,
  "gamma_FC6_ratio_std": 0.000288018024933684,
  "gamma_mean_ratio_mean": 0.0002626790160970766,
  "gamma_mean_ratio_std": 0.0002347236669042111,
  "gamma_std_ratio_mean": 0.00014852605806379542,
  "gamma_std_ratio_std": 0.0001852966716850546,
  "plv_F3_C3_pred_mean": NaN,
  "plv_F3_C3_pred_std": NaN,
  "plv_F3_C3_gt_mean": NaN,
  "plv_F3_C3_gt_std": NaN,
  "plv_F3_C3_ratio_mean": NaN,
  "plv_F3_C3_ratio_std": NaN,
  "plv_F4_C4_pred_mean": NaN,
  "plv_F4_C4_pred_std": NaN,
  "plv_F4_C4_gt_mean": NaN,
  "plv_F4_C4_gt_std": NaN,
  "plv_F4_C4_ratio_mean": NaN,
  "plv_F4_C4_ratio_std": NaN,
  "bes_mean": 1.0403818395702296,
  "bes_std": 0.11559871249496705
}