{
  "bes_mean": 0.9989470137958836,
  "bes_std": 0.1494963316221769,
  "n": 22
}