{
  "S088": {
    "acc_gt": 0.44298245614035087,
    "acc_pred": 0.48684210526315796,
    "bes": 1.0990099007420058,
    "n_folds": 12,
    "n_epochs": 228
  },
  "S089": {
    "acc_gt": 0.527922077922078,
    "acc_pred": 0.5896103896103897,
    "bes": 1.116851168300129,
    "n_folds": 14,
    "n_epochs": 189
  },
  "S090": {
    "acc_gt": 0.5166666666666667,
    "acc_pred": 0.5166666666666666,
    "bes": 0.9999999998064514,
    "n_folds": 12,
    "n_epochs": 180
  },
  "S091": {
    "acc_gt": 0.44999999999999996,
    "acc_pred": 0.4888888888888889,
    "bes": 1.0864197528449933,
    "n_folds": 12,
    "n_epochs": 180
  },
  "S092": {
    "acc_gt": 0.5526315789473685,
    "acc_pred": 0.5263157894736842,
    "bes": 0.9523809522086166,
    "n_folds": 12,
    "n_epochs": 228
  },
  "S093": {
    "acc_gt": 0.6555555555555556,
    "acc_pred": 0.5055555555555556,
    "bes": 0.7711864405603276,
    "n_folds": 12,
    "n_epochs": 180
  },
  "S094": {
    "acc_gt": 0.6666666666666666,
    "acc_pred": 0.5499999999999999,
    "bes": 0.82499999987625,
    "n_folds": 12,
    "n_epochs": 180
  },
  "S095": {
    "acc_gt": 0.5666666666666667,
    "acc_pred": 0.5277777777777778,
    "bes": 0.931372548855248,
    "n_folds": 12,
    "n_epochs": 180
  },
  "S096": {
    "acc_gt": 0.5166666666666667,
    "acc_pred": 0.6,
    "bes": 1.161290322355879,
    "n_folds": 12,
    "n_epochs": 180
  },
  "S097": {
    "acc_gt": 0.5611111111111111,
    "acc_pred": 0.49444444444444446,
    "bes": 0.8811881186548378,
    "n_folds": 12,
    "n_epochs": 180
  },
  "S098": {
    "acc_gt": 0.5555555555555555,
    "acc_pred": 0.48333333333333334,
    "bes": 0.8699999998434002,
    "n_folds": 12,
    "n_epochs": 180
  },
  "S099": {
    "acc_gt": 0.4611111111111112,
    "acc_pred": 0.4666666666666666,
    "bes": 1.0120481925516036,
    "n_folds": 12,
    "n_epochs": 180
  },
  "S100": {
    "acc_gt": 0.5208333333333334,
    "acc_pred": 0.6388888888888888,
    "bes": 1.2266666664311465,
    "n_folds": 12,
    "n_epochs": 144
  },
  "S101": {
    "acc_gt": 0.43333333333333335,
    "acc_pred": 0.5166666666666667,
    "bes": 1.1923076920325444,
    "n_folds": 12,
    "n_epochs": 180
  },
  "S102": {
    "acc_gt": 0.5944444444444444,
    "acc_pred": 0.4777777777777778,
    "bes": 0.803738317621801,
    "n_folds": 12,
    "n_epochs": 180
  },
  "S103": {
    "acc_gt": 0.4944444444444445,
    "acc_pred": 0.5777777777777778,
    "bes": 1.1685393256063628,
    "n_folds": 12,
    "n_epochs": 180
  },
  "S104": {
    "acc_gt": 0.5688034188034189,
    "acc_pred": 0.5846153846153844,
    "bes": 1.027798647452663,
    "n_folds": 12,
    "n_epochs": 178
  },
  "S105": {
    "acc_gt": 0.6388888888888888,
    "acc_pred": 0.6277777777777778,
    "bes": 0.9826086954983744,
    "n_folds": 12,
    "n_epochs": 180
  },
  "S106": {
    "acc_gt": 0.5777777777777778,
    "acc_pred": 0.47500000000000003,
    "bes": 0.8221153844730954,
    "n_folds": 12,
    "n_epochs": 169
  },
  "S107": {
    "acc_gt": 0.4944444444444444,
    "acc_pred": 0.4944444444444444,
    "bes": 0.9999999997977528,
    "n_folds": 12,
    "n_epochs": 180
  },
  "S108": {
    "acc_gt": 0.4888888888888889,
    "acc_pred": 0.6222222222222222,
    "bes": 1.2727272724669423,
    "n_folds": 12,
    "n_epochs": 180
  },
  "S109": {
    "acc_gt": 0.5888888888888889,
    "acc_pred": 0.45555555555555555,
    "bes": 0.7735849055290138,
    "n_folds": 12,
    "n_epochs": 180
  }
}