{
  "mse_mean_mean": 2.5099271337154733e-09,
  "mse_mean_std": 2.7201333936592988e-09,
  "pearson_mean_mean": 0.5422856031607002,
  "pearson_mean_std": 0.14346132494854313,
  "pearson_std_mean": 0.12770328326554586,
  "pearson_std_std": 0.07118160885977867,
  "mse_C3_mean": 2.5948647814748573e-09,
  "mse_C3_std": 2.5222133371830585e-09,
  "pearson_C3_mean": 0.6471413606096715,
  "pearson_C3_std": 0.14539164886251707,
  "mse_C4_mean": 4.8671469663964985e-09,
  "mse_C4_std": 9.688653098886418e-09,
  "pearson_C4_mean": 0.5937855935292318,
  "pearson_C4_std": 0.18082538536158135,
  "mse_P3_mean": 1.2508505035819564e-09,
  "mse_P3_std": 7.752701764667054e-10,
  "pearson_P3_mean": 0.5304690279299665,
  "pearson_P3_std": 0.18188121387957332,
  "mse_P4_mean": 1.3268462834085805e-09,
  "mse_P4_std": 8.763866708367734e-10,
  "pearson_P4_mean": 0.3977464305739307,
  "pearson_P4_std": 0.21500906203644582,
  "delta_C3_ratio_mean": 2.487116979684667,
  "delta_C3_ratio_std": 1.3399961966861098,
  "delta_C4_ratio_mean": 2.914662839282779,
  "delta_C4_ratio_std": 1.7285222040742398,
  "delta_P3_ratio_mean": 0.6817486391309076,
  "delta_P3_ratio_std": 0.250566597191873,
  "delta_P4_ratio_mean": 0.5348599877811409,
  "delta_P4_ratio_std": 0.3360645233127565,
  "delta_mean_ratio_mean": 1.6545971114698736,
  "delta_mean_ratio_std": 0.623457081308195,
  "delta_std_ratio_mean": 1.1735022994798396,
  "delta_std_ratio_std": 0.7708723353736099,
  "theta_C3_ratio_mean": 1.643631016923644,
  "theta_C3_ratio_std": 1.2891518102119488,
  "theta_C4_ratio_mean": 1.7764966555022925,
  "theta_C4_ratio_std": 1.6045812415566,
  "theta_P3_ratio_mean": 0.5262984105205211,
  "theta_P3_ratio_std": 0.16753030244477915,
  "theta_P4_ratio_mean": 0.28448063073822977,
  "theta_P4_ratio_std": 0.18889473486165814,
  "theta_mean_ratio_mean": 1.0577266784211719,
  "theta_mean_ratio_std": 0.6841024357903998,
  "theta_std_ratio_mean": 0.7360171364401439,
  "theta_std_ratio_std": 0.7074092045065785,
  "alpha_C3_ratio_mean": 0.6607930782909937,
  "alpha_C3_ratio_std": 0.24597982971128732,
  "alpha_C4_ratio_mean": 0.49437413232443,
  "alpha_C4_ratio_std": 0.2629753833899449,
  "alpha_P3_ratio_mean": 0.42094142454831684,
  "alpha_P3_ratio_std": 0.22146394921771367,
  "alpha_P4_ratio_mean": 0.16974953957594094,
  "alpha_P4_ratio_std": 0.13756471459734723,
  "alpha_mean_ratio_mean": 0.4364645436849204,
  "alpha_mean_ratio_std": 0.16700437311756006,
  "alpha_std_ratio_mean": 0.2145849861553467,
  "alpha_std_ratio_std": 0.08206464714480802,
  "beta_C3_ratio_mean": 0.9097935821744592,
  "beta_C3_ratio_std": 0.46695971459624624,
  "beta_C4_ratio_mean": 0.8753052902575383,
  "beta_C4_ratio_std": 0.7510579016961817,
  "beta_P3_ratio_mean": 0.629451765075589,
  "beta_P3_ratio_std": 0.29684274119171955,
  "beta_P4_ratio_mean": 0.325232561032579,
  "beta_P4_ratio_std": 0.2156517405487172,
  "beta_mean_ratio_mean": 0.6849457996350412,
  "beta_mean_ratio_std": 0.36215794934532736,
  "beta_std_ratio_mean": 0.3107802331158525,
  "beta_std_ratio_std": 0.23720042240596162,
  "gamma_C3_ratio_mean": 1.3714763666819474,
  "gamma_C3_ratio_std": 1.2614010854752786,
  "gamma_C4_ratio_mean": 1.7869722959342937,
  "gamma_C4_ratio_std": 2.644032511745002,
  "gamma_P3_ratio_mean": 0.9586925675909462,
  "gamma_P3_ratio_std": 0.6156544874022777,
  "gamma_P4_ratio_mean": 0.6126849602212666,
  "gamma_P4_ratio_std": 0.5020775315459808,
  "gamma_mean_ratio_mean": 1.1824565476071136,
  "gamma_mean_ratio_std": 1.0800876931379761,
  "gamma_std_ratio_mean": 0.6970252986969999,
  "gamma_std_ratio_std": 0.9191430672236445,
  "plv_F3_C3_pred_mean": NaN,
  "plv_F3_C3_pred_std": NaN,
  "plv_F3_C3_gt_mean": NaN,
  "plv_F3_C3_gt_std": NaN,
  "plv_F3_C3_ratio_mean": NaN,
  "plv_F3_C3_ratio_std": NaN,
  "plv_F4_C4_pred_mean": NaN,
  "plv_F4_C4_pred_std": NaN,
  "plv_F4_C4_gt_mean": NaN,
  "plv_F4_C4_gt_std": NaN,
  "plv_F4_C4_ratio_mean": NaN,
  "plv_F4_C4_ratio_std": NaN,
  "bes_mean": 0.991599030041781,
  "bes_std": 0.12610412750457742
}