{
  "S088": {
    "acc_gt": 0.6333333333333333,
    "acc_pred": 0.6666666666666666,
    "bes": 1.0526315787811633
  },
  "S089": {
    "acc_gt": 0.71,
    "acc_pred": 0.49000000000000005,
    "bes": 0.6901408449732197
  },
  "S090": {
    "acc_gt": 0.32999999999999996,
    "acc_pred": 0.63,
    "bes": 1.9090909085123968
  },
  "S091": {
    "acc_gt": 0.25,
    "acc_pred": 0.37,
    "bes": 1.479999999408
  },
  "S092": {
    "acc_gt": 0.48,
    "acc_pred": 0.32,
    "bes": 0.6666666665277778
  },
  "S093": {
    "acc_gt": 0.43,
    "acc_pred": 0.38,
    "bes": 0.8837209300270417
  },
  "S094": {
    "acc_gt": 0.5700000000000001,
    "acc_pred": 0.48,
    "bes": 0.8421052630101569
  },
  "S095": {
    "acc_gt": 0.27999999999999997,
    "acc_pred": 0.67,
    "bes": 2.3928571420025513
  },
  "S096": {
    "acc_gt": 0.51,
    "acc_pred": 0.62,
    "bes": 1.215686274271434
  },
  "S097": {
    "acc_gt": 0.35,
    "acc_pred": 0.5900000000000001,
    "bes": 1.6857142852326534
  },
  "S098": {
    "acc_gt": 0.67,
    "acc_pred": 0.61,
    "bes": 0.9104477610581421
  },
  "S099": {
    "acc_gt": 0.39,
    "acc_pred": 0.6,
    "bes": 1.538461538067061
  },
  "S100": {
    "acc_gt": 0.4666666666666667,
    "acc_pred": 0.5,
    "bes": 1.0714285711989795
  },
  "S101": {
    "acc_gt": 0.52,
    "acc_pred": 0.44000000000000006,
    "bes": 0.8461538459911243
  },
  "S102": {
    "acc_gt": 0.45999999999999996,
    "acc_pred": 0.32999999999999996,
    "bes": 0.7173913041918714
  },
  "S103": {
    "acc_gt": 0.47000000000000003,
    "acc_pred": 0.52,
    "bes": 1.1063829784880035
  },
  "S104": {
    "acc_gt": 0.41,
    "acc_pred": 0.58,
    "bes": 1.4146341459964307
  },
  "S105": {
    "acc_gt": 0.53,
    "acc_pred": 0.52,
    "bes": 0.9811320752865789
  },
  "S106": {
    "acc_gt": 0.29,
    "acc_pred": 0.51,
    "bes": 1.7586206890487517
  },
  "S107": {
    "acc_gt": 0.76,
    "acc_pred": 0.43,
    "bes": 0.5657894736097645
  },
  "S108": {
    "acc_gt": 0.53,
    "acc_pred": 0.44000000000000006,
    "bes": 0.8301886790886437
  },
  "S109": {
    "acc_gt": 0.44000000000000006,
    "acc_pred": 0.67,
    "bes": 1.5227272723811982
  }
}