{
  "mse_mean_mean": 9.299493945409186e-10,
  "mse_mean_std": 4.955026979242418e-10,
  "pearson_mean_mean": 0.659212812721703,
  "pearson_mean_std": 0.15100662961062997,
  "pearson_std_mean": 0.13474711785655102,
  "pearson_std_std": 0.14773570377924633,
  "mse_T7_mean": 9.153788209532709e-10,
  "mse_T7_std": 5.376690078151359e-10,
  "pearson_T7_mean": 0.6706272588400729,
  "pearson_T7_std": 0.10714959257371885,
  "mse_T8_mean": 1.1139751074921237e-09,
  "mse_T8_std": 8.223913805544983e-10,
  "pearson_T8_mean": 0.5964404060205447,
  "pearson_T8_std": 0.13974998657144302,
  "mse_FC5_mean": 8.784327406228312e-10,
  "mse_FC5_std": 5.236494961153293e-10,
  "pearson_FC5_mean": 0.6230259901351379,
  "pearson_FC5_std": 0.45001963682385343,
  "mse_FC6_mean": 8.120109090954482e-10,
  "mse_FC6_std": 5.373222540991203e-10,
  "pearson_FC6_mean": 0.7467575958910566,
  "pearson_FC6_std": 0.06759805646468653,
  "delta_T7_ratio_mean": 0.9755184422642155,
  "delta_T7_ratio_std": 0.3194645209902786,
  "delta_T8_ratio_mean": 1.1563279854046289,
  "delta_T8_ratio_std": 0.5258633972559713,
  "delta_FC5_ratio_mean": 7.319937489388554,
  "delta_FC5_ratio_std": 21.367813700612448,
  "delta_FC6_ratio_mean": 0.7797740519090279,
  "delta_FC6_ratio_std": 0.272791067725089,
  "delta_mean_ratio_mean": 2.5578894922416064,
  "delta_mean_ratio_std": 5.39709576916533,
  "delta_std_ratio_mean": 3.0929939738864616,
  "delta_std_ratio_std": 9.118148356311572,
  "theta_T7_ratio_mean": 1.0986546411129785,
  "theta_T7_ratio_std": 0.29256074078138605,
  "theta_T8_ratio_mean": 1.8011013498397899,
  "theta_T8_ratio_std": 0.6984465137533639,
  "theta_FC5_ratio_mean": 4.571963340161194,
  "theta_FC5_ratio_std": 12.505370806396096,
  "theta_FC6_ratio_mean": 1.0470696197960556,
  "theta_FC6_ratio_std": 0.3486363031077153,
  "theta_mean_ratio_mean": 2.1296972377275045,
  "theta_mean_ratio_std": 3.271047487867332,
  "theta_std_ratio_mean": 1.9896752322379099,
  "theta_std_ratio_std": 5.1660623102622205,
  "alpha_T7_ratio_mean": 1.00203242019922,
  "alpha_T7_ratio_std": 0.3178340836753853,
  "alpha_T8_ratio_mean": 1.8909917737909707,
  "alpha_T8_ratio_std": 0.5908768280314496,
  "alpha_FC5_ratio_mean": 2.914568426720581,
  "alpha_FC5_ratio_std": 6.675981237295913,
  "alpha_FC6_ratio_mean": 1.2203021595613637,
  "alpha_FC6_ratio_std": 0.31307725101249606,
  "alpha_mean_ratio_mean": 1.7569736950680344,
  "alpha_mean_ratio_std": 1.7553354568640458,
  "alpha_std_ratio_mean": 1.237207931243942,
  "alpha_std_ratio_std": 2.687251929255459,
  "beta_T7_ratio_mean": 0.5209694186660448,
  "beta_T7_ratio_std": 0.18253180385223525,
  "beta_T8_ratio_mean": 0.8392866962401612,
  "beta_T8_ratio_std": 0.43278997841901173,
  "beta_FC5_ratio_mean": 0.9670740919674778,
  "beta_FC5_ratio_std": 1.2529742095086371,
  "beta_FC6_ratio_mean": 0.7865466520849732,
  "beta_FC6_ratio_std": 0.25571028923533395,
  "beta_mean_ratio_mean": 0.7784692147396641,
  "beta_mean_ratio_std": 0.34155418721338215,
  "beta_std_ratio_mean": 0.34187431492331277,
  "beta_std_ratio_std": 0.5068160076066025,
  "gamma_T7_ratio_mean": 0.21247822837106567,
  "gamma_T7_ratio_std": 0.12557822522936207,
  "gamma_T8_ratio_mean": 0.2607011026702047,
  "gamma_T8_ratio_std": 0.21567807299562505,
  "gamma_FC5_ratio_mean": 0.33601919480590337,
  "gamma_FC5_ratio_std": 0.30677862655378113,
  "gamma_FC6_ratio_mean": 0.29120178124416307,
  "gamma_FC6_ratio_std": 0.14384430157902156,
  "gamma_mean_ratio_mean": 0.2751000767728342,
  "gamma_mean_ratio_std": 0.13516374138498236,
  "gamma_std_ratio_mean": 0.10754321280734623,
  "gamma_std_ratio_std": 0.1283075819921259,
  "plv_F3_C3_pred_mean": NaN,
  "plv_F3_C3_pred_std": NaN,
  "plv_F3_C3_gt_mean": NaN,
  "plv_F3_C3_gt_std": NaN,
  "plv_F3_C3_ratio_mean": NaN,
  "plv_F3_C3_ratio_std": NaN,
  "plv_F4_C4_pred_mean": NaN,
  "plv_F4_C4_pred_std": NaN,
  "plv_F4_C4_gt_mean": NaN,
  "plv_F4_C4_gt_std": NaN,
  "plv_F4_C4_ratio_mean": NaN,
  "plv_F4_C4_ratio_std": NaN
}