{
  "S088": {
    "acc_gt": 0.56,
    "acc_pred": 0.5533333333333333,
    "bes": 0.9880952379187924
  },
  "S089": {
    "acc_gt": 0.5599999999999999,
    "acc_pred": 0.31,
    "bes": 0.5535714284725766
  },
  "S090": {
    "acc_gt": 0.5700000000000001,
    "acc_pred": 0.42000000000000004,
    "bes": 0.7368421051338874
  },
  "S091": {
    "acc_gt": 0.9099999999999999,
    "acc_pred": 0.33999999999999997,
    "bes": 0.37362637358531575
  },
  "S092": {
    "acc_gt": 0.34,
    "acc_pred": 0.4533333333333333,
    "bes": 1.3333333329411763
  },
  "S093": {
    "acc_gt": 0.62,
    "acc_pred": 0.63,
    "bes": 1.0161290320941727
  },
  "S094": {
    "acc_gt": 0.5900000000000001,
    "acc_pred": 0.48,
    "bes": 0.8135593218960068
  },
  "S095": {
    "acc_gt": 0.37,
    "acc_pred": 0.38,
    "bes": 1.0270270267494521
  },
  "S096": {
    "acc_gt": 0.39,
    "acc_pred": 0.43,
    "bes": 1.1025641022813937
  },
  "S097": {
    "acc_gt": 0.7,
    "acc_pred": 0.42000000000000004,
    "bes": 0.5999999999142858
  },
  "S098": {
    "acc_gt": 0.71,
    "acc_pred": 0.52,
    "bes": 0.732394366094029
  },
  "S099": {
    "acc_gt": 0.61,
    "acc_pred": 0.67,
    "bes": 1.098360655557646
  },
  "S100": {
    "acc_gt": 0.6166666666666667,
    "acc_pred": 0.65,
    "bes": 1.0540540538831265
  },
  "S101": {
    "acc_gt": 0.47000000000000003,
    "acc_pred": 0.48,
    "bes": 1.021276595527388
  },
  "S102": {
    "acc_gt": 0.45999999999999996,
    "acc_pred": 0.72,
    "bes": 1.5652173909640832
  },
  "S103": {
    "acc_gt": 0.6599999999999999,
    "acc_pred": 0.44000000000000006,
    "bes": 0.6666666665656568
  },
  "S104": {
    "acc_gt": 0.47000000000000003,
    "acc_pred": 0.67,
    "bes": 1.4255319145903123
  },
  "S105": {
    "acc_gt": 0.75,
    "acc_pred": 0.61,
    "bes": 0.8133333332248889
  },
  "S106": {
    "acc_gt": 0.42000000000000004,
    "acc_pred": 0.19,
    "bes": 0.4523809522732426
  },
  "S107": {
    "acc_gt": 0.5700000000000001,
    "acc_pred": 0.72,
    "bes": 1.2631578945152353
  },
  "S108": {
    "acc_gt": 0.44000000000000006,
    "acc_pred": 0.58,
    "bes": 1.318181817882231
  },
  "S109": {
    "acc_gt": 0.58,
    "acc_pred": 0.41,
    "bes": 0.7068965516022592
  }
}