{
  "mse_mean_mean": 1.6636369393385883e-09,
  "mse_mean_std": 2.416617599236516e-09,
  "pearson_mean_mean": 0.44564707323546354,
  "pearson_mean_std": 0.2561613703073031,
  "pearson_std_mean": 0.07663099815984133,
  "pearson_std_std": 0.04672229922323798,
  "mse_C3_mean": 1.1761360706215736e-09,
  "mse_C3_std": 6.768811644858807e-10,
  "pearson_C3_mean": 0.5131853550513078,
  "pearson_C3_std": 0.27771205305996394,
  "mse_C4_mean": 3.1720129256568685e-09,
  "mse_C4_std": 9.588234351548288e-09,
  "pearson_C4_mean": 0.46414306242894693,
  "pearson_C4_std": 0.30654956722468846,
  "mse_P3_mean": 1.1540179577817197e-09,
  "mse_P3_std": 6.319408283993777e-10,
  "pearson_P3_mean": 0.4141098086228461,
  "pearson_P3_std": 0.24178671144981434,
  "mse_P4_mean": 1.1523808032941913e-09,
  "mse_P4_std": 6.162112870354426e-10,
  "pearson_P4_mean": 0.3911500668387536,
  "pearson_P4_std": 0.23721349822281962,
  "delta_C3_ratio_mean": 0.33521312790866997,
  "delta_C3_ratio_std": 0.17382207058934995,
  "delta_C4_ratio_mean": 0.35442601810912927,
  "delta_C4_ratio_std": 0.18036824582689068,
  "delta_P3_ratio_mean": 0.4008935826788431,
  "delta_P3_ratio_std": 0.19628631775104263,
  "delta_P4_ratio_mean": 0.5063172500830505,
  "delta_P4_ratio_std": 0.21886347991797497,
  "delta_mean_ratio_mean": 0.39921249469492326,
  "delta_mean_ratio_std": 0.173745738743409,
  "delta_std_ratio_mean": 0.08240197890982498,
  "delta_std_ratio_std": 0.06863251485864143,
  "theta_C3_ratio_mean": 0.20357370583524945,
  "theta_C3_ratio_std": 0.13047060326168133,
  "theta_C4_ratio_mean": 0.21091208371854317,
  "theta_C4_ratio_std": 0.13520318045004592,
  "theta_P3_ratio_mean": 0.23016125938210596,
  "theta_P3_ratio_std": 0.1438105993395426,
  "theta_P4_ratio_mean": 0.29413169152293217,
  "theta_P4_ratio_std": 0.16398396125646808,
  "theta_mean_ratio_mean": 0.2346946851147077,
  "theta_mean_ratio_std": 0.13597530672305408,
  "theta_std_ratio_mean": 0.04598915460677932,
  "theta_std_ratio_std": 0.03723237163968379,
  "alpha_C3_ratio_mean": 0.13448709495472091,
  "alpha_C3_ratio_std": 0.09861240171076224,
  "alpha_C4_ratio_mean": 0.13496709948025162,
  "alpha_C4_ratio_std": 0.09733647605970577,
  "alpha_P3_ratio_mean": 0.12172554408084127,
  "alpha_P3_ratio_std": 0.09179902984069262,
  "alpha_P4_ratio_mean": 0.1426999870554675,
  "alpha_P4_ratio_std": 0.09759534993758208,
  "alpha_mean_ratio_mean": 0.13346993139282035,
  "alpha_mean_ratio_std": 0.09214576409635097,
  "alpha_std_ratio_mean": 0.021711542646229747,
  "alpha_std_ratio_std": 0.01954596215950531,
  "beta_C3_ratio_mean": 0.15454559002776105,
  "beta_C3_ratio_std": 0.09329250750227777,
  "beta_C4_ratio_mean": 0.1688280208905213,
  "beta_C4_ratio_std": 0.10381192181440052,
  "beta_P3_ratio_mean": 0.1522544872141956,
  "beta_P3_ratio_std": 0.08832889119960174,
  "beta_P4_ratio_mean": 0.2018547100782933,
  "beta_P4_ratio_std": 0.10912423680792888,
  "beta_mean_ratio_mean": 0.16937070205269283,
  "beta_mean_ratio_std": 0.09440087884551526,
  "beta_std_ratio_mean": 0.02775776361436919,
  "beta_std_ratio_std": 0.022531509674336158,
  "gamma_C3_ratio_mean": 0.1317873349415186,
  "gamma_C3_ratio_std": 0.07918771485846678,
  "gamma_C4_ratio_mean": 0.16198947946628095,
  "gamma_C4_ratio_std": 0.12257086816887663,
  "gamma_P3_ratio_mean": 0.16064498180689615,
  "gamma_P3_ratio_std": 0.10069924139235398,
  "gamma_P4_ratio_mean": 0.19797061824003118,
  "gamma_P4_ratio_std": 0.12368613274823398,
  "gamma_mean_ratio_mean": 0.1630981036136817,
  "gamma_mean_ratio_std": 0.10113065470730674,
  "gamma_std_ratio_mean": 0.03368686175084833,
  "gamma_std_ratio_std": 0.02952861332714433,
  "plv_F3_C3_pred_mean": NaN,
  "plv_F3_C3_pred_std": NaN,
  "plv_F3_C3_gt_mean": NaN,
  "plv_F3_C3_gt_std": NaN,
  "plv_F3_C3_ratio_mean": NaN,
  "plv_F3_C3_ratio_std": NaN,
  "plv_F4_C4_pred_mean": NaN,
  "plv_F4_C4_pred_std": NaN,
  "plv_F4_C4_gt_mean": NaN,
  "plv_F4_C4_gt_std": NaN,
  "plv_F4_C4_ratio_mean": NaN,
  "plv_F4_C4_ratio_std": NaN
}